,name,size,price,proof,type
0,FIREBALL CINNAMON 66,50 ML (Mini),$1.25 ,66,Whiskey
1,JACK DANIELS NO. 7 86,1.75 L (Large),$45.99 ,86,Whiskey
2,CROWN ROYAL 80,1.75 L (Large),$49.99 ,80,Whiskey
3,SEAGRAMS 7 80,1.75 L (Large),$22.99 ,80,Whiskey
4,JAMESON 80,1.75 L (Large),$52.99 ,80,Whiskey
5,CROWN ROYAL PEACH 70,750 ML (Standard),$31.99 ,70,Whiskey
6,JACK DANIELS NO. 7 86,750 ML (Standard),$28.99 ,86,Whiskey
7,FIREBALL CINNAMON 66,750 ML (Standard),$20.99 ,66,Whiskey
8,BULLEIT 95 RYE 90,1.75 L (Large),$61.99 ,90,Whiskey
9,CROWN ROYAL APPLE 70,750 ML (Standard),$31.99 ,70,Whiskey
10,BLACK VELVET BLENDED 80,1.75 L (Large),$14.99 ,80,Whiskey
11,FIREBALL CINNAMON 66,1.75 L (Large),$29.99 ,66,Whiskey
12,BULLEIT 95 RYE 90,750 ML (Standard),$35.99 ,90,Whiskey
13,FIREBALL CINNAMON 66,375 ML (Half),$11.99 ,66,Whiskey
14,CANADIAN CLUB 80,1.75 L (Large),$20.99 ,80,Whiskey
15,CROWN ROYAL VANILLA 70,750 ML (Standard),$26.99 ,70,Whiskey
16,RITTENHOUSE RYE 100,750 ML (Standard),$29.99 ,100,Whiskey
17,SOUTHERN COMFORT 70,1.75 L (Large),$29.99 ,70,Whiskey
18,SKREWBALL PB WHISKEY 70,750 ML (Standard),$28.99 ,70,Whiskey
19,JACK DANIELS FIRE 70,750 ML (Standard),$28.99 ,70,Whiskey
20,OLD OVERHOLT RYE 80,750 ML (Standard),$18.99 ,80,Whiskey
21,JACK DANIELS HONEY 70,1.75 L (Large),$46.99 ,70,Whiskey
22,SAZERAC STRAIGHT RYE 90,750 ML (Standard),$29.99 ,90,Whiskey
23,LTD CANADIAN  80,1.75 L (Large),$13.99 ,80,Whiskey
24,SUNTORY TOKI WHISKY 86,750 ML (Standard),$39.99 ,86,Whiskey
25,JAMESON BLK BARREL RES 80,750 ML (Standard),$44.99 ,80,Whiskey
26,REDBREAST IRISH WHISKEY 12 YR 80,750 ML (Standard),$69.99 ,80,Whiskey
27,TULLAMORE DEW 80,1.75 L (Large),$49.99 ,80,Whiskey
28,UNCLE NEAREST SM BATCH 93,750 ML (Standard),$46.99 ,93,Whiskey
29,FIREBALL CINNAMON 66,1 L,$25.99 ,66,Whiskey
30,CROWN ROYAL SALTED 70,750 ML (Standard),$31.99 ,70,Whiskey
31,UNCLE NEAREST WHISKEY 100,750 ML (Standard),$55.99 ,100,Whiskey
32,BUSHMILLS 80,1.75 L (Large),$37.99 ,80,Whiskey
33,REDEMPTION RYE 92,750 ML (Standard),$23.99 ,92,Whiskey
34,JAMESON STOUT CASKMATES 80,750 ML (Standard),$39.99 ,80,Whiskey
35,HIGH WEST DOUBLE RYE 92,750 ML (Standard),$38.99 ,92,Whiskey
36,GREEN SPOT POT STILL IRISH 80,750 ML (Standard),$79.99 ,80,Whiskey
37,MICHTERS STRAIGHT RYE 84.8,750 ML (Standard),$44.99 ,84.8,Whiskey
38,TEMPLETON RYE 4 YR 80,750 ML (Standard),$22.99 ,80,Whiskey
39,OLD THOMPSON 80,1.75 L (Large),$16.99 ,80,Whiskey
40,JAMESON COLD BREW 60,750 ML (Standard),$31.99 ,60,Whiskey
41,FIREBALL CINNAMON 66,200 ML,$5.99 ,66,Whiskey
42,WOODFORD RES RYE 90.4,750 ML (Standard),$42.99 ,90.4,Whiskey
43,JACK DANIELS APPLE 70,750 ML (Standard),$28.99 ,70,Whiskey
44,EVAN WILLIAMS CHERRY 70,750 ML (Standard),$14.99 ,70,Whiskey
45,GENTLEMAN JACK 80,750 ML (Standard),$38.99 ,80,Whiskey
46,SEAGRAMS VO 80,1.75 L (Large),$23.99 ,80,Whiskey
47,TULLAMORE DEW 80,750 ML (Standard),$31.99 ,80,Whiskey
48,GEORGE DICKEL RYE 90,750 ML (Standard),$29.99 ,90,Whiskey
49,POWERS IRISH WHISKEY 80,750 ML (Standard),$29.99 ,80,Whiskey
50,SLOW & LOW RYE 84,750 ML (Standard),$24.99 ,84,Whiskey
51,PROPER NO. TWELVE 80,750 ML (Standard),$32.99 ,80,Whiskey
52,WRITERS TEARS 80,750 ML (Standard),$48.99 ,80,Whiskey
53,BLACK VELVET TOAST CARAMEL 70,750 ML (Standard),$10.99 ,70,Whiskey
54,WHISTLEPIG 10 YR RYE 100,750 ML (Standard),$77.99 ,100,Whiskey
55,SOUTHERN COMFORT 100,750 ML (Standard),$23.99 ,100,Whiskey
56,STRANAHANS BLUE PEAK WHISKEY 86,750 ML (Standard),$49.99 ,86,Whiskey
57,JACK DANIELS RYE 90,750 ML (Standard),$28.99 ,90,Whiskey
58,WHISTLEPIG PIGGYBACK RYE 96.56,750 ML (Standard),$49.99 ,96.56,Whiskey
59,JAMESON IPA CASKMATES 80,750 ML (Standard),$34.99 ,80,Whiskey
60,WOODFORD RES WHEAT 90.4,750 ML (Standard),$42.99 ,90.4,Whiskey
61,TIN CUP AMERICAN WHISKEY 80,750 ML (Standard),$30.99 ,80,Whiskey
62,MICHTERS AMERICAN WHISKEY 83.4,750 ML (Standard),$44.99 ,83.4,Whiskey
63,REDEMPTION HIGH RYE 92,750 ML (Standard),$23.99 ,92,Whiskey
64,KNOB CREEK RYE 100,750 ML (Standard),$39.99 ,100,Whiskey
65,SLANE TRIPLE CASK 80,750 ML (Standard),$29.99 ,80,Whiskey
66,TEELING SMALL BATCH 92,750 ML (Standard),$35.99 ,92,Whiskey
67,GLENDALOUGH DOUBLE BARREL 84,750 ML (Standard),$29.99 ,84,Whiskey
68,JACK DANIELS HONEY 70,750 ML (Standard),$28.99 ,70,Whiskey
69,MICHTERS SOUR MASH 86,750 ML (Standard),$44.99 ,86,Whiskey
70,BUSHMILLS 80,750 ML (Standard),$25.99 ,80,Whiskey
71,CROWN ROYAL 80,750 ML (Standard),$29.99 ,80,Whiskey
72,TEELING SINGLE MALT 92,750 ML (Standard),$52.99 ,92,Whiskey
73,BIRD DOG PEACH WSKY 80,750 ML (Standard),$17.99 ,80,Whiskey
74,BIRD DOG CHOCOLATE WSKY 80,750 ML (Standard),$17.99 ,80,Whiskey
75,CANADIAN CLUB 80,750 ML (Standard),$12.99 ,80,Whiskey
76,KNAPPOGUE 12 YR SGL MLT IRISH 80,750 ML (Standard),$49.99 ,80,Whiskey
77,MIDLETON VERY RARE IRISH 80,750 ML (Standard),$219.99 ,80,Whiskey
78,BLACKENED WHISKEY 90,750 ML (Standard),$49.99 ,90,Whiskey
79,SAGAMORE SPIRIT RYE 83,750 ML (Standard),$39.99 ,83,Whiskey
80,SEAGRAMS 7 80,750 ML (Standard),$16.99 ,80,Whiskey
81,KILBEGGAN SNGL GRAIN 86,750 ML (Standard),$32.99 ,86,Whiskey
82,SONS OF ERIN IRISH WSKY 92,750 ML (Standard),$35.99 ,92,Whiskey
83,HIGH WEST CAMP FIRE 92,750 ML (Standard),$79.99 ,92,Whiskey
84,BIRD DOG BLACKBERRY WSKY 80,750 ML (Standard),$17.99 ,80,Whiskey
85,THE SEXTON SINGLE MALT 80,750 ML (Standard),$35.99 ,80,Whiskey
86,RUSSELLS RES 6 YR RYE 90,750 ML (Standard),$42.99 ,90,Whiskey
87,HIGH WEST RENDEZVOUS RYE 92,750 ML (Standard),$79.99 ,92,Whiskey
88,REDWOOD LOST MONARCH 90,750 ML (Standard),$35.99 ,90,Whiskey
89,SOUTHERN COMFORT 70,200 ML,$6.99 ,70,Whiskey
90,KILBEGGAN IRISH WHSKY 80,750 ML (Standard),$29.99 ,80,Whiskey
91,CANADIAN CLUB RYE 80,750 ML (Standard),$21.99 ,80,Whiskey
92,TEELING SINGLE GRAIN 92,750 ML (Standard),$44.99 ,92,Whiskey
93,GEORGE DICKEL BIB 100,750 ML (Standard),$42.99 ,100,Whiskey
94,TULLAMORE DEW CIDER CASK 80,750 ML (Standard),$29.99 ,80,Whiskey
95,OLD THOMPSON 80,1 L,$11.49 ,80,Whiskey
96,BIRD DOG APPLE WSKY 80,750 ML (Standard),$17.99 ,80,Whiskey
97,JAMESON 80,750 ML (Standard),$37.99 ,80,Whiskey
98,KAIYO WHISKY 86,750 ML (Standard),$71.99 ,86,Whiskey
99,THE IRISHMAN SMALL BATCH 80,750 ML (Standard),$36.99 ,80,Whiskey
100,GLENDALOUGH POT STILL 86,750 ML (Standard),$52.99 ,86,Whiskey
101,WEST CORK IRISH BRBN CSK 80,750 ML (Standard),$23.99 ,80,Whiskey
102,HUDSON RYE THING 92,750 ML (Standard),$37.99 ,92,Whiskey
103,REDWOOD EMERALD GIANT 90,750 ML (Standard),$35.99 ,90,Whiskey
104,TAP 8 MAPLE RYE 83,750 ML (Standard),$23.99 ,83,Whiskey
105,NIKKA FROM THE BRL 102.8,750 ML (Standard),$99.99 ,102.8,Whiskey
106,AKASHI UME PLUM WHISKEY 61,750 ML (Standard),$39.99 ,61,Whiskey
107,MISUNDERSTOOD GINGER WSKY 80,750 ML (Standard),$29.99 ,80,Whiskey
108,IWAI TRADITION SHINSHU MARS 80,750 ML (Standard),$66.99 ,80,Whiskey
109,NIKKA YOICHI SINGLE MALT 90,750 ML (Standard),$149.99 ,90,Whiskey
110,CABIN FEVER MAPLE WSKY 80,750 ML (Standard),$27.99 ,80,Whiskey
111,DEWARS US OPEN 19 YR 86,750 ML (Standard),$79.99 ,86,Whiskey
112,KEEPERS HEART WHISKEY 86,700 ML,$34.99 ,86,Whiskey
113,JACK DANIELS BONDED 100,750 ML (Standard),$44.99 ,100,Whiskey
114,YELLOW BIRD WHISKEY 90,750 ML (Standard),$31.99 ,90,Whiskey
115,CHICKEN COCK RYE 90,750 ML (Standard),$62.99 ,90,Whiskey
116,GRANDTEN S BOSTON WSKY 80,750 ML (Standard),$29.99 ,80,Whiskey
117,AKASHI WHITE OAK 80,750 ML (Standard),$51.99 ,80,Whiskey
118,WEST CORK IRISH BLACK CSK 86,750 ML (Standard),$34.99 ,86,Whiskey
119,BIRD DOG BLENDED WSKY 80,750 ML (Standard),$17.99 ,80,Whiskey
120,NOMAD WHISKY 82.6,750 ML (Standard),$46.99 ,82.6,Whiskey
121,MAD RIVER RYE 96,750 ML (Standard),$42.99 ,96,Whiskey
122,LONE ELM SMALL BATCH 90,750 ML (Standard),$52.99 ,90,Whiskey
123,NIKKA MIYAGIKYO SINGLE MALT 90,750 ML (Standard),$119.99 ,90,Whiskey
124,JACK DANIELS LEGACY #1 86,1 L,$42.99 ,86,Whiskey
125,BEARFACE 7 YR WSKY 85,750 ML (Standard),$29.99 ,85,Whiskey
126,VIRGINIA PORT CASK WHISKY 92,750 ML (Standard),$54.99 ,92,Whiskey
127,DADS HAT PENNSYLVANIA RYE 95,750 ML (Standard),$39.99 ,95,Whiskey
128,IWAI SHINSHU MARS 80,750 ML (Standard),$37.99 ,80,Whiskey
129,NIKKA COFFEY MALT WHISKY 90,750 ML (Standard),$92.99 ,90,Whiskey
130,SILKIE IRISH WHSKY 92,750 ML (Standard),$37.99 ,92,Whiskey
131,BLACK VELVET APPLE 70,1.75 L (Large),$19.99 ,70,Whiskey
132,NELSONS GREEN BRIER 91,750 ML (Standard),$25.99 ,91,Whiskey
133,TULLIBARDINE 12 YR 80,750 ML (Standard),$39.99 ,80,Whiskey
134,BLACK VELVET APPLE 70,750 ML (Standard),$10.99 ,70,Whiskey
135,HINCH IRISH WHISKEY 86,750 ML (Standard),$30.99 ,86,Whiskey
136,FUK JAPANESE WHISKY 80,750 ML (Standard),$55.99 ,80,Whiskey
137,GLENDALOUGH CSK BURGUNDY 84,750 ML (Standard),$36.99 ,84,Whiskey
138,GLENDALOUGH CSK CALVADOS 84,750 ML (Standard),$36.99 ,84,Whiskey
139,CARDINAL RYE 90,750 ML (Standard),$25.99 ,90,Whiskey
140,ST GEORGE BALLER 94,750 ML (Standard),$54.99 ,94,Whiskey
141,NIKKA TAKETSURU PURE MALT WHISKY 86,750 ML (Standard),$149.99 ,86,Whiskey
142,NIKKA COFFEY GRAIN WHISKY 90,750 ML (Standard),$99.99 ,90,Whiskey
143,VIRGINIA COURAGE AM WHISKY 92,750 ML (Standard),$64.99 ,92,Whiskey
144,OLD THOMPSON 80,750 ML (Standard),$10.99 ,80,Whiskey
145,DEADWOOD RYE 83,750 ML (Standard),$20.99 ,83,Whiskey
146,BULLY BOY AGED WHISKEY 84,750 ML (Standard),$39.99 ,84,Whiskey
147,KAIYO THE SINGLE 96,750 ML (Standard),$59.99 ,96,Whiskey
148,FUKANO SINGLE CSK 14 YR 85.8,750 ML (Standard),$144.99 ,85.8,Whiskey
149,SHORT PATH WHISKEY 80,750 ML (Standard),$41.99 ,80,Whiskey
150,YAME 10 YR WHISKY 84,750 ML (Standard),$69.99 ,84,Whiskey
151,PENDERYN PORTWOOD 92,750 ML (Standard),$89.99 ,92,Whiskey
152,HA'PENNY IRISH WSKY 86,750 ML (Standard),$34.99 ,86,Whiskey
153,TITOS VODKA 80,1.75 L (Large),$29.99 ,80,Vodka
154,SMIRNOFF VODKA 80,1.75 L (Large),$19.99 ,80,Vodka
155,SVEDKA VODKA 80,1.75 L (Large),$15.99 ,80,Vodka
156,KETEL ONE VODKA 80,1.75 L (Large),$29.99 ,80,Vodka
157,SKYY VODKA 80,1.75 L (Large),$21.99 ,80,Vodka
158,TITOS VODKA 80,750 ML (Standard),$20.99 ,80,Vodka
159,NEW AMSTERDAM VODKA 80,1.75 L (Large),$19.99 ,80,Vodka
160,LUKSUSOWA VODKA 80,1.75 L (Large),$23.99 ,80,Vodka
161,STOLICHNAYA VODKA 80,1.75 L (Large),$29.99 ,80,Vodka
162,NEW AMSTERDAM PINK WHITNEY VDK 60,750 ML (Standard),$15.49 ,60,Vodka
163,TITOS VODKA 80,1 L,$26.99 ,80,Vodka
164,DEEP EDDY RUBY RED VDK 70,1.75 L (Large),$22.99 ,70,Vodka
165,ABSOLUT VODKA 80,1.75 L (Large),$28.99 ,80,Vodka
166,GREY GOOSE VODKA 80,750 ML (Standard),$27.99 ,80,Vodka
167,KETEL ONE VODKA 80,750 ML (Standard),$21.99 ,80,Vodka
168,GREY GOOSE VODKA 80,1 L,$36.99 ,80,Vodka
169,GREY GOOSE VODKA 80,1.75 L (Large),$46.99 ,80,Vodka
170,KETEL ONE PEACH ORNG VDK 60,750 ML (Standard),$19.99 ,60,Vodka
171,NEW AMSTERDAM VODKA 80,750 ML (Standard),$15.49 ,80,Vodka
172,SMIRNOFF FLV BLUEBERRY 70,1.75 L (Large),$22.99 ,70,Vodka
173,DEEP EDDY SWEET TEA VDK 70,1.75 L (Large),$22.99 ,70,Vodka
174,ABSOLUT CITRON VDK 80,1.75 L (Large),$29.99 ,80,Vodka
175,REYKA VODKA 80,1.75 L (Large),$35.99 ,80,Vodka
176,KETEL ONE CUC MINT VDK 60,750 ML (Standard),$19.99 ,60,Vodka
177,SMIRNOFF VODKA 100,1.75 L (Large),$41.99 ,100,Vodka
178,CIROC PINEAPPLE VDK 70,750 ML (Standard),$35.99 ,70,Vodka
179,BELVEDERE VODKA 80,1.75 L (Large),$48.99 ,80,Vodka
180,SMIRNOFF FLV RASPBERRY 70,1.75 L (Large),$22.99 ,70,Vodka
181,DEEP EDDY VODKA 80,1.75 L (Large),$22.99 ,80,Vodka
182,SMIRNOFF FLV KISSED CARAMEL 60,750 ML (Standard),$14.99 ,60,Vodka
183,KETEL ONE GRAPE ROSE VDK 60,750 ML (Standard),$19.99 ,60,Vodka
184,REYKA VODKA 80,750 ML (Standard),$20.99 ,80,Vodka
185,SKYY VODKA 80,750 ML (Standard),$13.49 ,80,Vodka
186,DEEP EDDY LEMON VDK 70,1.75 L (Large),$22.99 ,70,Vodka
187,SMIRNOFF FLV STRAWBERRY 70,1.75 L (Large),$22.99 ,70,Vodka
188,SMIRNOFF FLV VANILLA 70,1.75 L (Large),$22.99 ,70,Vodka
189,SOBIESKI VODKA 80 - POLAND,1.75 L (Large),$19.99 ,POLAND,Vodka
190,SVEDKA VODKA 80,750 ML (Standard),$9.99 ,80,Vodka
191,RUSSIAN STND VODKA 80,1.75 L (Large),$29.99 ,80,Vodka
192,SVEDKA VODKA 80,1 L,$16.99 ,80,Vodka
193,GREY GOOSE WATER BASIL 60,750 ML (Standard),$27.99 ,60,Vodka
194,CIROC VODKA 80,750 ML (Standard),$35.99 ,80,Vodka
195,GREY GOOSE STRAW LEMON 60,750 ML (Standard),$27.99 ,60,Vodka
196,SMIRNOFF FLV ORANGE 70,1.75 L (Large),$22.99 ,70,Vodka
197,SMIRNOFF FLV WATERMELON 70,750 ML (Standard),$14.99 ,70,Vodka
198,DEEP EDDY CRANBERRY VDK 70,1.75 L (Large),$22.99 ,70,Vodka
199,SMIRNOFF FLV CHERRY 70,1.75 L (Large),$22.99 ,70,Vodka
200,SMIRNOFF FLV PINK LEMONADE 60,750 ML (Standard),$14.99 ,60,Vodka
201,GREY GOOSE PEACH ROSE 60,750 ML (Standard),$27.99 ,60,Vodka
202,NEW AMSTERDAM PINEAPPLE VDK 70,1.75 L (Large),$23.99 ,70,Vodka
203,CIROC PEACH VDK 70,750 ML (Standard),$35.99 ,70,Vodka
204,ABSOLUT VANILLA VDK 80,750 ML (Standard),$21.99 ,80,Vodka
205,SMIRNOFF FLV WHIPPED CREAM 60,750 ML (Standard),$14.99 ,60,Vodka
206,CHOPIN SMALL BATCH VDK 80,1.75 L (Large),$37.99 ,80,Vodka
207,SMIRNOFF FLV PINK LEMONADE 60,1.75 L (Large),$22.99 ,60,Vodka
208,CIROC RED BERRY VDK 70,750 ML (Standard),$35.99 ,70,Vodka
209,SMIRNOFF FLV CITRUS 70,1.75 L (Large),$22.99 ,70,Vodka
210,SMIRNOFF FLV WATERMELON 70,1.75 L (Large),$22.99 ,70,Vodka
211,BELVEDERE VODKA 80,1 L,$44.99 ,80,Vodka
212,ABSOLUT CITRON VDK 80,750 ML (Standard),$21.99 ,80,Vodka
213,KETEL ONE CITROEN VDK 80,1.75 L (Large),$32.99 ,80,Vodka
214,SMIRNOFF FLV KISSED CARAMEL 60,1.75 L (Large),$22.99 ,60,Vodka
215,SMIRNOFF FLV GRN APPLE 70,1.75 L (Large),$22.99 ,70,Vodka
216,CIROC APPLE VDK 70,750 ML (Standard),$35.99 ,70,Vodka
217,CIROC VODKA 80,1.75 L (Large),$51.99 ,80,Vodka
218,SMIRNOFF FLV BLUEBERRY 70,750 ML (Standard),$14.99 ,70,Vodka
219,SMIRNOFF FLV STRAWBERRY 70,750 ML (Standard),$14.99 ,70,Vodka
220,CIROC MANGO VDK 70,750 ML (Standard),$35.99 ,70,Vodka
221,NEW AMSTERDAM RED BERRY VDK 70,1.75 L (Large),$23.99 ,70,Vodka
222,KETEL RTD SPRITZ CUC MINT 4 PK,4pk,$14.49 ,PK,Vodka
223,NEW AMSTERDAM WATERMELON VDK 70,1.75 L (Large),$23.99 ,70,Vodka
224,KETEL RTD SPRITZ GRAPE ROSE 4 PK,4pk,$14.49 ,PK,Vodka
225,KETEL RTD SPRITZ PEACH ORNG 4 PK,4pk,$14.49 ,PK,Vodka
226,SMIRNOFF FLV CHERRY 70,750 ML (Standard),$14.99 ,70,Vodka
227,BURNETTS CHERRY VDK 70,1.75 L (Large),$14.99 ,70,Vodka
228,SVEDKA BLUE RASPBERRY 70,1.75 L (Large),$15.99 ,70,Vodka
229,DEEP EDDY CRANBERRY VDK 70,750 ML (Standard),$17.99 ,70,Vodka
230,DEEP EDDY LEMON VDK 70,750 ML (Standard),$17.99 ,70,Vodka
231,CHOPIN SMALL BATCH VDK 80,750 ML (Standard),$24.99 ,80,Vodka
232,NEW AMSTERDAM PINEAPPLE VDK 70,750 ML (Standard),$15.49 ,70,Vodka
233,SVEDKA STRAW LEMON 70,1.75 L (Large),$15.99 ,70,Vodka
234,SMIRNOFF FLV PEACH 70,750 ML (Standard),$14.99 ,70,Vodka
235,DEEP EDDY ORANGE VDK 70,1.75 L (Large),$22.99 ,70,Vodka
236,ABSOLUT PEARS VDK 80,750 ML (Standard),$21.99 ,80,Vodka
237,SVEDKA STRAW LEMON 70,750 ML (Standard),$10.99 ,70,Vodka
238,ABSOLUT MANDRIN VDK 80,1.75 L (Large),$29.99 ,80,Vodka
239,ABSOLUT WATERMELON VDK 76,750 ML (Standard),$21.99 ,76,Vodka
240,SVEDKA CITRON 70,1.75 L (Large),$15.99 ,70,Vodka
241,ABSOLUT MANDRIN VDK 80,750 ML (Standard),$21.99 ,80,Vodka
242,NEW AMSTERDAM COCONUT VDK 70,1.75 L (Large),$23.99 ,70,Vodka
243,STOLI FLV RAZBERI 70,1.75 L (Large),$29.99 ,70,Vodka
244,CIROC COCONUT VDK 70,1.75 L (Large),$51.99 ,70,Vodka
245,GREY GOOSE LE CITRON 80,750 ML (Standard),$27.99 ,80,Vodka
246,KETEL ONE ORANJE VDK 80,750 ML (Standard),$21.99 ,80,Vodka
247,CIROC COCONUT VDK 70,750 ML (Standard),$35.99 ,70,Vodka
248,STOLICHNAYA VODKA 80,750 ML (Standard),$19.99 ,80,Vodka
249,KETEL ONE CITROEN VDK 80,750 ML (Standard),$21.99 ,80,Vodka
250,SVEDKA MANGO PINEAPPLE 70,1.75 L (Large),$15.99 ,70,Vodka
251,NEW AMSTERDAM GRAPEFRUIT VDK 70,750 ML (Standard),$15.49 ,70,Vodka
252,ABSOLUT GRAPEFRUIT VDK 80,750 ML (Standard),$21.99 ,80,Vodka
253,DEEP EDDY SWEET TEA VDK 70,750 ML (Standard),$17.99 ,70,Vodka
254,DEEP EDDY RUBY RED VDK 70,750 ML (Standard),$17.99 ,70,Vodka
255,LUKSUSOWA VODKA 80,750 ML (Standard),$12.99 ,80,Vodka
256,SVEDKA RASPBERRY 70,1.75 L (Large),$15.99 ,70,Vodka
257,SVEDKA MANGO PINEAPPLE 70,750 ML (Standard),$10.99 ,70,Vodka
258,NEW AMSTERDAM GRAPEFRUIT VDK 70,1.75 L (Large),$23.99 ,70,Vodka
259,NEW AMSTERDAM WATERMELON VDK 70,750 ML (Standard),$15.49 ,70,Vodka
260,EFFEN VODKA 80,750 ML (Standard),$22.99 ,80,Vodka
261,SMIRNOFF FLV PINEAPPLE 70,750 ML (Standard),$14.99 ,70,Vodka
262,ABSOLUT LIME VDK 80,750 ML (Standard),$21.99 ,80,Vodka
263,SVEDKA BLUE RASPBERRY 70,750 ML (Standard),$10.99 ,70,Vodka
264,CIROC PEACH VDK 70,1.75 L (Large),$51.99 ,70,Vodka
265,CIROC APPLE VDK 70,1.75 L (Large),$51.99 ,70,Vodka
266,NEW AMSTERDAM GLUTEN FREE VDK 80,1.75 L (Large),$21.99 ,80,Vodka
267,HAKU VODKA 80,750 ML (Standard),$29.99 ,80,Vodka
268,NEW AMSTERDAM LEMON VDK 70,1.75 L (Large),$23.99 ,70,Vodka
269,GREY GOOSE LA POIRE 80,750 ML (Standard),$27.99 ,80,Vodka
270,GREY GOOSE L'ORANGE 80,750 ML (Standard),$27.99 ,80,Vodka
271,DEEP EDDY VODKA 80,750 ML (Standard),$17.99 ,80,Vodka
272,NEW AMSTERDAM PEACH VDK 70,750 ML (Standard),$15.49 ,70,Vodka
273,STOLI FLV BLUEBERI 70,1.75 L (Large),$29.99 ,70,Vodka
274,EFFEN BLOOD ORANGE VDK 75,750 ML (Standard),$22.99 ,75,Vodka
275,GORDONS VODKA 80,1.75 L (Large),$21.99 ,80,Vodka
276,STOLI FLV VANIL 70,750 ML (Standard),$19.99 ,70,Vodka
277,CIROC RED BERRY VDK 70,1.75 L (Large),$51.99 ,70,Vodka
278,NEW AMSTERDAM RASPBERRY VDK 70,1.75 L (Large),$23.99 ,70,Vodka
279,PLUME & PETAL LEMON 40,Other,$18.99 ,40,Vodka
280,GRAINGERS ORG VODKA 80,1.75 L (Large),$22.99 ,80,Vodka
281,STOLI FLV LIME 75,750 ML (Standard),$19.99 ,75,Vodka
282,CIROC PINEAPPLE VDK 70,1.75 L (Large),$51.99 ,70,Vodka
283,BURNETTS CITRUS VDK 70,1.75 L (Large),$14.99 ,70,Vodka
284,DEEP EDDY LIME VDK 70,1.75 L (Large),$22.99 ,70,Vodka
285,RUSSIAN STND VODKA 80,750 ML (Standard),$16.99 ,80,Vodka
286,NEW AMSTERDAM LEMON VDK 70,750 ML (Standard),$15.49 ,70,Vodka
287,BELUGA VODKA 80,750 ML (Standard),$34.99 ,80,Vodka
288,SKYY INF GEORGIA PEACH VDK 70,750 ML (Standard),$13.99 ,70,Vodka
289,NEW AMSTERDAM COCONUT VDK 70,750 ML (Standard),$15.49 ,70,Vodka
290,NEW AMSTERDAM MANGO VDK 70,1.75 L (Large),$23.99 ,70,Vodka
291,SMIRNOFF FLV PEACH 70,1.75 L (Large),$22.99 ,70,Vodka
292,STOLI FLV VANIL 70,1.75 L (Large),$29.99 ,70,Vodka
293,PLUME & PETAL PEACH 40,Other,$18.99 ,40,Vodka
294,NEW AMSTERDAM VODKA 100,1.75 L (Large),$24.99 ,100,Vodka
295,NEW AMSTERDAM VODKA 100,750 ML (Standard),$18.99 ,100,Vodka
296,BLANCHARDS VODKA 80,1.75 L (Large),$11.99 ,80,Vodka
297,STOLI FLV BLUEBERI 70,750 ML (Standard),$19.99 ,70,Vodka
298,DEEP EDDY PEACH VDK 70,1.75 L (Large),$22.99 ,70,Vodka
299,SOBIESKI VODKA 80,750 ML (Standard),$12.99 ,80,Vodka
300,NEW AMSTERDAM MANGO VDK 70,750 ML (Standard),$15.49 ,70,Vodka
301,SKYY INF BLOOD ORANGE VDK 70,750 ML (Standard),$13.99 ,70,Vodka
302,NEW AMSTERDAM RED BERRY VDK 70,750 ML (Standard),$15.49 ,70,Vodka
303,SKYY INF WILD STRAWBRY VDK 70,750 ML (Standard),$13.99 ,70,Vodka
304,SMIRNOFF FLV PINEAPPLE 70,1.75 L (Large),$22.99 ,70,Vodka
305,CROP ORGANIC VODKA 70,750 ML (Standard),$19.99 ,70,Vodka
306,ABSOLUT APEACH VDK 80,750 ML (Standard),$21.99 ,80,Vodka
307,EFFEN RASPBERRY VDK 75,750 ML (Standard),$22.99 ,75,Vodka
308,GREY GOOSE L'ORANGE 80,1.75 L (Large),$49.99 ,80,Vodka
309,SKYY INF CHERRY VDK 70,750 ML (Standard),$13.99 ,70,Vodka
310,SVEDKA CUCUMBER LIME 70,1.75 L (Large),$15.99 ,70,Vodka
311,STOLI FLV RAZBERI 70,750 ML (Standard),$19.99 ,70,Vodka
312,SVEDKA PEACH 70,1.75 L (Large),$15.99 ,70,Vodka
313,SMIRNOFF FLV RASPBERRY 70,750 ML (Standard),$14.99 ,70,Vodka
314,RUBINOFF RASPBERRY VDK 60,1.75 L (Large),$11.99 ,60,Vodka
315,BERKSHIRE DIST ICE GLEN VODKA 80,750 ML (Standard),$19.99 ,80,Vodka
316,DEEP EDDY PEACH VDK 70,750 ML (Standard),$17.99 ,70,Vodka
317,ABSOLUT MANGO VDK 80,750 ML (Standard),$21.99 ,80,Vodka
318,SKYY INF PINEAPPLE VDK 70,750 ML (Standard),$13.99 ,70,Vodka
319,CROP LEMON VODKA 70,750 ML (Standard),$19.99 ,70,Vodka
320,HAMMER & SICKLE VODKA 80,750 ML (Standard),$21.49 ,80,Vodka
321,SVEDKA ROSE 60,1.75 L (Large),$15.99 ,60,Vodka
322,CIROC MANGO VDK 70,1.75 L (Large),$51.99 ,70,Vodka
323,BELVEDERE VODKA 80,750 ML (Standard),$35.99 ,80,Vodka
324,GREY GOOSE LE CITRON 80,1.75 L (Large),$49.99 ,80,Vodka
325,NEW AMSTERDAM GLUTEN FREE VDK 80,750 ML (Standard),$15.99 ,80,Vodka
326,SMIRNOFF FLV VANILLA 70,750 ML (Standard),$14.99 ,70,Vodka
327,STOLI FLV OHRANJ 70,1.75 L (Large),$29.99 ,70,Vodka
328,NEW AMSTERDAM APPLE VDK 70,750 ML (Standard),$15.49 ,70,Vodka
329,EFFEN GREEN APPLE VDK 75,750 ML (Standard),$22.99 ,75,Vodka
330,CROP CUCUMBER VODKA 70,750 ML (Standard),$19.99 ,70,Vodka
331,BAK'S BISON GRASS VDK 82,750 ML (Standard),$27.99 ,82,Vodka
332,EXCLUSIV VODKA 80,1.75 L (Large),$19.99 ,80,Vodka
333,RUBINOFF VODKA 80,1.75 L (Large),$11.99 ,80,Vodka
334,SMIRNOFF VODKA 80,750 ML (Standard),$14.99 ,80,Vodka
335,VELO VODKA 80,750 ML (Standard),$21.99 ,80,Vodka
336,SMIRNOFF FLV PEACH LEMONADE 60,750 ML (Standard),$14.99 ,60,Vodka
337,TRULY VDK MANGO PINEAPPLE 60,1.75 L (Large),$21.99 ,60,Vodka
338,TRULY VDK STRAW LEMONADE 60,1.75 L (Large),$21.99 ,60,Vodka
339,TRULY VDK WILD BERRY 60,1.75 L (Large),$21.99 ,60,Vodka
340,GRANDTEN WELLHOUSE VDK 80,1.75 L (Large),$24.99 ,80,Vodka
341,INDUSTRIOUS OSTREIDA VDK 80,750 ML (Standard),$35.99 ,80,Vodka
342,NIKKA COFFEY VODKA 80,750 ML (Standard),$44.99 ,80,Vodka
343,OYSTERVILLE VODKA 80,750 ML (Standard),$26.99 ,80,Vodka
344,NEW AMSTERDAM RASPBERRY VDK 70,750 ML (Standard),$15.49 ,70,Vodka
345,SMIRNOFF FLV GRN APPLE 70,750 ML (Standard),$14.99 ,70,Vodka
346,SEA ICE VODKA 80,1 L,$8.99 ,80,Vodka
347,GRAINGERS ORG VODKA 80,750 ML (Standard),$13.99 ,80,Vodka
348,NEW AMSTERDAM APPLE VDK 70,1.75 L (Large),$23.99 ,70,Vodka
349,BURNETTS RASPBERRY VDK 70,1.75 L (Large),$14.99 ,70,Vodka
350,TRIPLE EIGHT BLUEBERRY VDK 68,750 ML (Standard),$24.99 ,68,Vodka
351,RUBINOFF RUBY RED VDK 60,1.75 L (Large),$11.99 ,60,Vodka
352,SMIRNOFF FLV CITRUS 70,750 ML (Standard),$14.99 ,70,Vodka
353,LEGEND OF KREMLIN 80,750 ML (Standard),$44.99 ,80,Vodka
354,DEEP EDDY LIME VDK 70,750 ML (Standard),$17.99 ,70,Vodka
355,KHOR VODKA 80,1.75 L (Large),$23.99 ,80,Vodka
356,COSSACK VODKA 80,1.75 L (Large),$11.99 ,80,Vodka
357,TRIPLE EIGHT VODKA 80,750 ML (Standard),$24.99 ,80,Vodka
358,RUBINOFF PINEAPPLE VDK 60,1.75 L (Large),$11.99 ,60,Vodka
359,RUBINOFF MANGO VDK 60,1.75 L (Large),$11.99 ,60,Vodka
360,RUBINOFF PINK LEMONADE VDK 60,1.75 L (Large),$11.99 ,60,Vodka
361,RUBINOFF BLUEBERRY VDK 60,1.75 L (Large),$11.99 ,60,Vodka
362,RUBINOFF WATERMELON VDK 60,1.75 L (Large),$11.99 ,60,Vodka
363,THREE OLIVES PEACH VDK 70,1 L,$11.99 ,70,Vodka
364,THREE OLIVES GRAPEFRUIT VDK 70,1 L,$11.99 ,70,Vodka
365,RUBINOFF CITRUS VDK 60,1.75 L (Large),$11.99 ,60,Vodka
366,RUBINOFF PEACH VDK 60,1.75 L (Large),$11.99 ,60,Vodka
367,RUBINOFF LEMONADE VDK 60,1.75 L (Large),$11.99 ,60,Vodka
368,RUBINOFF BLUE RASPBERRY VDK 60,1.75 L (Large),$11.99 ,60,Vodka
369,RUBINOFF GREEN APPLE VDK 60,1.75 L (Large),$11.99 ,60,Vodka
370,BULLY BOY VODKA 80,750 ML (Standard),$28.99 ,80,Vodka
371,CRYSTAL HEAD VODKA 80,750 ML (Standard),$49.99 ,80,Vodka
372,BLACK INF FIG VDK 60,750 ML (Standard),$31.99 ,60,Vodka
373,STATESIDE VODKA 80,750 ML (Standard),$27.99 ,80,Vodka
374,TRIPLE EIGHT ORANGE VDK 76,750 ML (Standard),$24.99 ,76,Vodka
375,NUE VODKA 80,750 ML (Standard),$13.49 ,80,Vodka
376,THREE OLIVES WATERMELON VDK 70,1 L,$11.99 ,70,Vodka
377,SKYY INF RASP VDK 70,750 ML (Standard),$13.99 ,70,Vodka
378,SMIRNOFF VODKA 100,750 ML (Standard),$24.99 ,100,Vodka
379,GORDONS VODKA 80,750 ML (Standard),$14.49 ,80,Vodka
380,PATRON SILVER TEQ 80,750 ML (Standard),$57.99 ,80,Tequila
381,CUERVO GOLD 80,1.75 L (Large),$33.99 ,80,Tequila
382,CASAMIGOS BLANCO 80,750 ML (Standard),$49.99 ,80,Tequila
383,SAUZA HORNITOS PLATA 80,1.75 L (Large),$39.99 ,80,Tequila
384,DON JULIO BLANCO 80,750 ML (Standard),$57.99 ,80,Tequila
385,CUERVO SILVER 80,1.75 L (Large),$33.99 ,80,Tequila
386,SAUZA HORNITOS REPOSADO 80,1.75 L (Large),$39.99 ,80,Tequila
387,MILAGRO SILVER 80,750 ML (Standard),$32.99 ,80,Tequila
388,1800 SILVER 80,750 ML (Standard),$26.99 ,80,Tequila
389,LUNAZUL BLANCO TEQ 80,750 ML (Standard),$22.99 ,80,Tequila
390,ESPOLON REPOSADO 80,750 ML (Standard),$29.99 ,80,Tequila
391,1800 SILVER 80,1.75 L (Large),$39.99 ,80,Tequila
392,CAMARENA SILVER TEQ 80,750 ML (Standard),$21.99 ,80,Tequila
393,CAMARENA REPOSADO TEQ 80,1.75 L (Large),$39.99 ,80,Tequila
394,SAUZA HORNITOS PLATA 80,750 ML (Standard),$29.99 ,80,Tequila
395,HERRADURA SILVER 80,750 ML (Standard),$42.99 ,80,Tequila
396,EXOTICO BLANCO 80,1.75 L (Large),$32.99 ,80,Tequila
397,CASAMIGOS REPOSADO 80,750 ML (Standard),$52.99 ,80,Tequila
398,EL JIMADOR BLANCO 80,1.75 L (Large),$33.99 ,80,Tequila
399,CUERVO SILVER 80,50 ML (Mini),$2.00 ,80,Tequila
400,DEL MAGUEY VIDA 84,750 ML (Standard),$35.99 ,84,Tequila
401,CASAMIGOS ANEJO 80,750 ML (Standard),$57.99 ,80,Tequila
402,ESPOLON BLANCO 80,1.75 L (Large),$55.99 ,80,Tequila
403,PATRON SILVER TEQ 80,375 ML (Half),$31.99 ,80,Tequila
404,CAMARENA SILVER TEQ 80,1.75 L (Large),$39.99 ,80,Tequila
405,DON JULIO 70TH ANNIV 80,750 ML (Standard),$79.99 ,80,Tequila
406,EXOTICO REPOSADO 80,1.75 L (Large),$34.99 ,80,Tequila
407,CUERVO GOLD 80,750 ML (Standard),$24.99 ,80,Tequila
408,DON JULIO REPOSADO 80,750 ML (Standard),$59.99 ,80,Tequila
409,MILAGRO SILVER 80,1.75 L (Large),$46.99 ,80,Tequila
410,CAMARENA REPOSADO TEQ 80,750 ML (Standard),$21.99 ,80,Tequila
411,MONTE ALBAN MEZCAL 80,750 ML (Standard),$29.99 ,80,Tequila
412,1800 REPOSADO 80,750 ML (Standard),$27.99 ,80,Tequila
413,ESPOLON REPOSADO 80,1.75 L (Large),$57.99 ,80,Tequila
414,EL JIMADOR BLANCO 80,750 ML (Standard),$24.99 ,80,Tequila
415,EL JIMADOR REPOSADO 80,1.75 L (Large),$33.99 ,80,Tequila
416,MILAGRO REPOSADO 80,750 ML (Standard),$32.99 ,80,Tequila
417,ESPOLON BLANCO 80,750 ML (Standard),$29.99 ,80,Tequila
418,MARGARITAVILLE GOLD TEQ 80,50 ML (Mini),$1.25 ,80,Tequila
419,DEKUYPER TRIPLE SEC 30,750 ML (Standard),$7.99 ,30,Tequila
420,1800 COCONUT 70,750 ML (Standard),$26.99 ,70,Tequila
421,MAESTRO DOBEL DIAMANTE TEQ 80,750 ML (Standard),$59.99 ,80,Tequila
422,LUNAZUL REPOSADO TEQ 80,750 ML (Standard),$22.99 ,80,Tequila
423,MARGARITAVILLE SILVER TEQ 80,50 ML (Mini),$1.25 ,80,Tequila
424,PATRON REPOSADO TEQ 80,750 ML (Standard),$59.99 ,80,Tequila
425,HERRADURA REPOSADO 80,750 ML (Standard),$52.99 ,80,Tequila
426,1800 SILVER 80,375 ML (Half),$22.99 ,80,Tequila
427,DULCE VIDA TEQ LIME 70,750 ML (Standard),$22.99 ,70,Tequila
428,CASAMIGOS BLANCO 80,1.75 L (Large),$86.99 ,80,Tequila
429,DELEON REPOSADO TEQ 80,750 ML (Standard),$52.99 ,80,Tequila
430,CUERVO GOLD 80,50 ML (Mini),$2.00 ,80,Tequila
431,PATRON SILVER TEQ 80,50 ML (Mini),$8.50 ,80,Tequila
432,DON JULIO BLANCO 80,1.75 L (Large),$99.99 ,80,Tequila
433,DULCE VIDA TEQ PINEAPPLE 70,750 ML (Standard),$22.99 ,70,Tequila
434,LUNAZUL BLANCO TEQ 80,375 ML (Half),$13.99 ,80,Tequila
435,PATRON ANEJO TEQ 80,750 ML (Standard),$65.99 ,80,Tequila
436,TANTEO JALAPENO 80,750 ML (Standard),$39.99 ,80,Tequila
437,PATRON SILVER TEQ 80,1.75 L (Large),$99.99 ,80,Tequila
438,1800 ANEJO 80,750 ML (Standard),$42.99 ,80,Tequila
439,BOZAL ESPADIN ENSAMBLE MEZCAL 94,750 ML (Standard),$47.99 ,94,Tequila
440,SAUZA HORNITOS REPOSADO 80,750 ML (Standard),$29.99 ,80,Tequila
441,MILAGRO ANEJO 80,750 ML (Standard),$44.99 ,80,Tequila
442,WAHAKA ESPADIN MEZCAL 80,750 ML (Standard),$37.99 ,80,Tequila
443,CUERVO GOLD 80,200 ML,$9.99 ,80,Tequila
444,CUERVO TRADICIONAL REPOSADO 80,750 ML (Standard),$24.99 ,80,Tequila
445,MILAGRO REPOSADO 80,1.75 L (Large),$46.99 ,80,Tequila
446,MI CAMPO BLANCO TEQULA 80,750 ML (Standard),$23.49 ,80,Tequila
447,AVION RESERVA 44 80,750 ML (Standard),$114.99 ,80,Tequila
448,CASAMIGOS MEZCAL 80,750 ML (Standard),$59.99 ,80,Tequila
449,EL JIMADOR REPOSADO 80,750 ML (Standard),$24.99 ,80,Tequila
450,DEL MAGUEY CREMA DE MEZCAL 80,750 ML (Standard),$35.99 ,80,Tequila
451,BRIBON BLANCO TEQUILA 80,750 ML (Standard),$19.99 ,80,Tequila
452,CINCORO REPOSADO TEQ 80,750 ML (Standard),$96.99 ,80,Tequila
453,PATRON REPOSADO TEQ 80,375 ML (Half),$32.99 ,80,Tequila
454,LUNAZUL ANEJO TEQ 80,750 ML (Standard),$27.99 ,80,Tequila
455,DULCE VIDA TEQ GRAPEFRUIT 70,750 ML (Standard),$22.99 ,70,Tequila
456,CUERVO SILVER 80,750 ML (Standard),$24.99 ,80,Tequila
457,CINCORO BLANCO TEQ 80,750 ML (Standard),$76.99 ,80,Tequila
458,TANTEO HABANERO 80,750 ML (Standard),$39.99 ,80,Tequila
459,GHOST TEQUILA 80,750 ML (Standard),$32.99 ,80,Tequila
460,CAMPO BRAVO PLATA TEQ 80,750 ML (Standard),$19.99 ,80,Tequila
461,PASOTE REPOSADO 80,750 ML (Standard),$49.99 ,80,Tequila
462,CASAMIGOS REPOSADO 80,50 ML (Mini),$6.95 ,80,Tequila
463,DELEON BLANCO TEQ 80,750 ML (Standard),$46.99 ,80,Tequila
464,ROSALUNA JOVEN MEZCAL 80,750 ML (Standard),$31.99 ,80,Tequila
465,DON FULANO REPOSADO TEQ 80,750 ML (Standard),$59.99 ,80,Tequila
466,TEQUILA OCHO PLATA 80,750 ML (Standard),$42.99 ,80,Tequila
467,CASAMIGOS REPOSADO 80,1.75 L (Large),$104.99 ,80,Tequila
468,VOLCAN BLANCO TEQ 80,750 ML (Standard),$46.99 ,80,Tequila
469,MONTELOBOS MEZCAL 86.4,750 ML (Standard),$45.99 ,86.4,Tequila
470,DULCE VIDA TEQ BLANCO 80,750 ML (Standard),$28.99 ,80,Tequila
471,CUERVO GOLD 80,375 ML (Half),$16.99 ,80,Tequila
472,CUERVO SILVER 80,375 ML (Half),$16.99 ,80,Tequila
473,DEAD RABBIT IRISH WHISKEY 88,750 ML (Standard),$39.99 ,88,Tequila
474,DON FULANO BLANCO TEQ 80,750 ML (Standard),$49.99 ,80,Tequila
475,GRACIAS DIOS ESPADIN 90,750 ML (Standard),$59.99 ,90,Tequila
476,SUERTE BLANCO 80,750 ML (Standard),$32.99 ,80,Tequila
477,OLD MEXICO GOLD TEQUILA 80,1.75 L (Large),$26.99 ,80,Tequila
478,OLD MEXICO SILVER TEQUILA 80,1.75 L (Large),$26.99 ,80,Tequila
479,CUERVO SILVER 80,200 ML,$9.99 ,80,Tequila
480,APALUZ JOVEN MEZCAL 80,750 ML (Standard),$25.99 ,80,Tequila
481,JAVELINA BLANCO TEQ 80,1 L,$22.99 ,80,Tequila
482,LOS SUNDAYS REPOSADO TEQ 80,750 ML (Standard),$36.99 ,80,Tequila
483,BARCELO GRAN ANEJO 80,1.75 L (Large),$23.99 ,80,Tequila
484,SALINAS UMBUR CACHACA 84,1 L,$25.99 ,84,Tequila
485,BOAZINHA CACHACA 84,1 L,$21.49 ,84,Tequila
486,CUERVO TRADICIONAL PLATA 80,750 ML (Standard),$24.99 ,80,Tequila
487,UNION UNO MEZCAL 80,750 ML (Standard),$39.99 ,80,Tequila
488,CHAMUCOS BLANCO TEQUILA 80,750 ML (Standard),$54.99 ,80,Tequila
489,ANZA GOLD 80,1.75 L (Large),$19.99 ,80,Tequila
490,ANZA BLANCO 80,1.75 L (Large),$19.99 ,80,Tequila
491,DELEON ANEJO TEQ 80,750 ML (Standard),$59.99 ,80,Tequila
492,SANTO REPOSADO TEQ 80,750 ML (Standard),$64.99 ,80,Tequila
493,VOLANS BLANCO TEQUILA 80,750 ML (Standard),$56.99 ,80,Tequila
494,SANTO BLANCO TEQ 80,750 ML (Standard),$57.99 ,80,Tequila
495,LOBOS 1707 JOVEN 80,750 ML (Standard),$29.99 ,80,Tequila
496,CALIROSA ROSA BLANCO 80,750 ML (Standard),$52.99 ,80,Tequila
497,LOS SUNDAYS COCONUT TEQ 70,750 ML (Standard),$27.99 ,70,Tequila
498,ASTRAL BLANCO TEQ 80,750 ML (Standard),$37.99 ,80,Tequila
499,ESPANITA DBL BRL REPOSADO 80,750 ML (Standard),$41.99 ,80,Tequila
500,LA JICARITA MEZCAL 96,750 ML (Standard),$69.99 ,96,Tequila
501,GRAN CORAMINO CRISTAL TEQ 80,750 ML (Standard),$52.99 ,80,Tequila
502,BACARDI RUM WHITE 80,1.75 L (Large),$21.99 ,80,Rum
503,CAPT MORGAN ORIGINAL RUM 70,1.75 L (Large),$24.99 ,70,Rum
504,BACARDI RUM WHITE 80,750 ML (Standard),$15.49 ,80,Rum
505,BACARDI RUM GOLD 80,1.75 L (Large),$21.99 ,80,Rum
506,MALIBU COCONUT RUM 42,750 ML (Standard),$14.99 ,42,Rum
507,ADMIRAL NELSON SPICED RUM 70,1.75 L (Large),$17.99 ,70,Rum
508,MALIBU COCONUT RUM 42,1.75 L (Large),$29.99 ,42,Rum
509,SAILOR JERRY SPICED RUM 92,1.75 L (Large),$25.99 ,92,Rum
510,SAILOR JERRY SPICED RUM 92,750 ML (Standard),$15.99 ,92,Rum
511,BACARDI RUM GOLD 80,750 ML (Standard),$15.49 ,80,Rum
512,BLACKHEART RUM 93,1.75 L (Large),$24.99 ,93,Rum
513,FLOR DE CANA ANEJO ORO RUM 4 YR 80,1.75 L (Large),$27.99 ,80,Rum
514,MALIBU PINEAPPLE RUM 42,750 ML (Standard),$14.99 ,42,Rum
515,KRAKEN BLACK SPICED RUM 94,1.75 L (Large),$25.99 ,94,Rum
516,DON Q RUM CRISTAL WHITE 80,1.75 L (Large),$21.99 ,80,Rum
517,BACARDI RUM WHITE 80,1 L,$17.99 ,80,Rum
518,CAPT MORGAN CARIB WHITE RUM 70,750 ML (Standard),$15.99 ,70,Rum
519,CAPT MORGAN RUM 100,750 ML (Standard),$34.99 ,100,Rum
520,BACARDI FLV DRGN BRY RUM 70,750 ML (Standard),$15.49 ,70,Rum
521,BACARDI FLV LIMON RUM 70,1.75 L (Large),$22.99 ,70,Rum
522,CAPT MORGAN CARIB WHITE RUM 70,1.75 L (Large),$25.99 ,70,Rum
523,MOUNT GAY ECLIPSE RUM 80,750 ML (Standard),$23.99 ,80,Rum
524,BACARDI OAK HEART SPICED RUM 70,1.75 L (Large),$22.99 ,70,Rum
525,FLOR DE CANA GR RES 7 YR RUM 80,750 ML (Standard),$22.99 ,80,Rum
526,MALIBU STRAWBERRY RUM 42,750 ML (Standard),$14.99 ,42,Rum
527,BACARDI FLV LIMON RUM 70,750 ML (Standard),$15.49 ,70,Rum
528,BACARDI FLV DRGN BRY RUM 70,1.75 L (Large),$22.99 ,70,Rum
529,FLOR DE CANA WHITE RUM 4 YR 80,1.75 L (Large),$27.99 ,80,Rum
530,MALIBU STRAWBERRY RUM 42,1.75 L (Large),$29.99 ,42,Rum
531,BACARDI FLV LIME RUM 70,1.75 L (Large),$22.99 ,70,Rum
532,PLANTATION 5 YR RUM 80,750 ML (Standard),$26.99 ,80,Rum
533,CAPT MORGAN RUM 100,1.75 L (Large),$49.99 ,100,Rum
534,MOUNT GAY ECLIPSE RUM 80,1.75 L (Large),$36.99 ,80,Rum
535,BACARDI OAK HEART SPICED RUM 70,750 ML (Standard),$15.49 ,70,Rum
536,PARROT BAY COCONUT RUM 90,750 ML (Standard),$19.99 ,90,Rum
537,BACARDI FLV PINEAPPLE RUM 70,750 ML (Standard),$15.49 ,70,Rum
538,GOSLINGS BLACK SEAL DK 80,1.75 L (Large),$33.99 ,80,Rum
539,MALIBU MANGO RUM 42,750 ML (Standard),$14.99 ,42,Rum
540,BACARDI FLV LIME RUM 70,750 ML (Standard),$15.49 ,70,Rum
541,MALIBU WATERMELON RUM 42,750 ML (Standard),$14.99 ,42,Rum
542,RON ZACAPA CENTENARIO 23 YR RUM 80,750 ML (Standard),$49.99 ,80,Rum
543,EL DORADO 12 YR RUM 80,750 ML (Standard),$38.99 ,80,Rum
544,BUMBU RUM 70,750 ML (Standard),$33.99 ,70,Rum
545,CAPT MORGAN ORIGINAL RUM 70,750 ML (Standard),$16.99 ,70,Rum
546,KRAKEN BLACK SPICED RUM 94,750 ML (Standard),$21.99 ,94,Rum
547,BACARDI FLV RASPBERRY RUM 70,750 ML (Standard),$15.49 ,70,Rum
548,BLACKHEART RUM 93,750 ML (Standard),$14.99 ,93,Rum
549,OLD MONK 7 YEAR RUM 80,750 ML (Standard),$22.99 ,80,Rum
550,FLOR DE CANA WHITE RUM 4 YR 80,750 ML (Standard),$16.99 ,80,Rum
551,MALIBU WATERMELON RUM 42,1.75 L (Large),$29.99 ,42,Rum
552,BACARDI FLV PINEAPPLE RUM 70,1.75 L (Large),$22.99 ,70,Rum
553,MYERS ORIGINAL DARK 80,1.75 L (Large),$49.99 ,80,Rum
554,CAPT MORGAN CARIB COCO RUM 70,750 ML (Standard),$15.99 ,70,Rum
555,GOSLINGS BLACK SEAL DK 151,750 ML (Standard),$24.99 ,151,Rum
556,DON Q RUM GOLD 80,1.75 L (Large),$21.99 ,80,Rum
557,PAMPERO ANIVERSARIO RUM 8YR 80,750 ML (Standard),$31.99 ,80,Rum
558,RUM HAVEN COCO RUM  42,750 ML (Standard),$19.99 ,42,Rum
559,BACARDI FLV RASPBERRY RUM 70,1.75 L (Large),$22.99 ,70,Rum
560,APPLETON RARE BLEND 12 YR 86,750 ML (Standard),$46.99 ,86,Rum
561,BACARDI BLACK 80,750 ML (Standard),$15.49 ,80,Rum
562,J WRAY OVERPROOF 126,750 ML (Standard),$24.99 ,126,Rum
563,FLOR DE CANA CENTENARIO 12 RUM 80,750 ML (Standard),$38.99 ,80,Rum
564,FLOR DE CANA RUM 18 YR 80,750 ML (Standard),$47.99 ,80,Rum
565,BACARDI FLV MANGO RUM 70,750 ML (Standard),$15.49 ,70,Rum
566,BRUGAL RUM ANEJO 80,750 ML (Standard),$21.99 ,80,Rum
567,KIRK AND SWEENEY GRAN RES RUM 80,750 ML (Standard),$49.99 ,80,Rum
568,KIRK AND SWEENEY RES RUM 80,750 ML (Standard),$30.99 ,80,Rum
569,FLOR DE CANA ANEJO ORO RUM 4 YR 80,750 ML (Standard),$16.99 ,80,Rum
570,CAPT MORGAN LONG ISLAND 34,750 ML (Standard),$13.99 ,34,Rum
571,BRUGAL RUM 1888 80,750 ML (Standard),$39.99 ,80,Rum
572,BUMBU XO RUM 80,750 ML (Standard),$37.99 ,80,Rum
573,PLANTATION 5 YR RUM 80,1.75 L (Large),$39.99 ,80,Rum
574,PARROT BAY PAS FRUIT RUM 42,750 ML (Standard),$11.99 ,42,Rum
575,PARROT BAY MANGO RUM 42,750 ML (Standard),$11.99 ,42,Rum
576,BARCELO GRAN ANEJO 80,750 ML (Standard),$17.99 ,80,Rum
577,RON ROBERTO RUM WHITE 80,1.75 L (Large),$15.99 ,80,Rum
578,RON ROBERTO RUM DARK BLK 80,1.75 L (Large),$15.99 ,80,Rum
579,BRUGAL RUM EX VIEJO 80,750 ML (Standard),$27.99 ,80,Rum
580,MYERS PLATINUM WHITE 80,750 ML (Standard),$12.99 ,80,Rum
581,PARROT BAY STRAW RUM 42,750 ML (Standard),$11.99 ,42,Rum
582,ADMIRAL NELSON PINEAPPLE RUM 70,750 ML (Standard),$9.99 ,70,Rum
583,TEN TO ONE DARK RUM 80,Other,$42.99 ,80,Rum
584,DIPLOMATICO PLANAS RUM 94,750 ML (Standard),$29.99 ,94,Rum
585,PLANTATION XAYMACA RUM 86,750 ML (Standard),$26.99 ,86,Rum
586,GOSLINGS BLACK SEAL DK 80,750 ML (Standard),$29.99 ,80,Rum
587,BRUGAL RUM ESPECIAL EX DRY 80,750 ML (Standard),$21.99 ,80,Rum
588,RON DIAZ COCONUT RUM 42,750 ML (Standard),$10.99 ,42,Rum
589,PYRAT RESERVE XO 80,750 ML (Standard),$27.99 ,80,Rum
590,BULLY BOY BOSTON DK RUM 80,750 ML (Standard),$32.99 ,80,Rum
591,BARCELO IMPERIAL 80,750 ML (Standard),$25.99 ,80,Rum
592,PARROT BAY PINEAPPLE RUM 42,750 ML (Standard),$11.99 ,42,Rum
593,CAPT MORGAN CHERRY VAN RUM 60,750 ML (Standard),$13.99 ,60,Rum
594,CANEROCK SPICED RUM 80,750 ML (Standard),$28.99 ,80,Rum
595,DIPLOMATICO RESERVA EX RUM 80,750 ML (Standard),$41.99 ,80,Rum
596,BARCELO ANEJO 80,750 ML (Standard),$13.49 ,80,Rum
597,BARCELO BLANCO 80,750 ML (Standard),$10.99 ,80,Rum
598,BARCELO IMPERIAL ONYX 80,750 ML (Standard),$35.99 ,80,Rum
599,BULLY BOY CO-OP RUM 80,750 ML (Standard),$37.99 ,80,Rum
600,BRUGAL RUM XV RESERVA 80,750 ML (Standard),$31.99 ,80,Rum
601,TEN TO ONE WHITE RUM 90,Other,$30.99 ,90,Rum
602,BULLY BOY CO-OP RUM #2 80,750 ML (Standard),$37.99 ,80,Rum
603,MAD RIVER FIRST RUN RUM 90,750 ML (Standard),$26.99 ,90,Rum
604,MAD RIVER MAPLE RUM 96,750 ML (Standard),$34.99 ,96,Rum
605,MAD RIVER VANILLA RUM 80,750 ML (Standard),$26.99 ,80,Rum
606,DON Q VERMOUTH CASK 80,750 ML (Standard),$45.99 ,80,Rum
607,TWENTY BOAT AMBER RUM 84,750 ML (Standard),$59.99 ,84,Rum
608,RON ROBERTO COCONUT RUM 70,1.75 L (Large),$15.99 ,70,Rum
609,RON ROBERTO SPICED RUM 70,1.75 L (Large),$15.99 ,70,Rum
610,BARBANCOURT WHITE 86,750 ML (Standard),$21.49 ,86,Rum
611,DIPLOMATICO MANTUANO RUM 80,750 ML (Standard),$25.99 ,80,Rum
612,BULLY BOY WH RUM 80,750 ML (Standard),$32.99 ,80,Rum
613,RHUM JM WHITE RUM 100,750 ML (Standard),$41.99 ,100,Rum
614,BOMBAY SAPHIRE 80,750 ML (Standard),$28.99 ,80,Gin
615,TANQUERAY GIN 94.6,1.75 L (Large),$35.99 ,94.6,Gin
616,BOMBAY SAPPHIRE GIN 94.4,1.75 L (Large),$38.99 ,94.4,Gin
617,NEW AMSTERDAM - GIN 80,1.75 L (Large),$23.99 ,80,Gin
618,BEEFEATER GIN 94,1.75 L (Large),$32.99 ,94,Gin
619,HENDRICKS GIN 88,750 ML (Standard),$36.99 ,88,Gin
620,TANQUERAY GIN 94.6,750 ML (Standard),$28.99 ,94.6,Gin
621,SEAGRAMS GIN 80,1.75 L (Large),$21.99 ,80,Gin
622,BOMBAY GIN 86,1.75 L (Large),$28.99 ,86,Gin
623,HENDRICKS GIN 88,1.75 L (Large),$55.99 ,88,Gin
624,THE BOTANIST ISLAY DRY GIN 92,750 ML (Standard),$41.99 ,92,Gin
625,GILBEYS GIN 80,1.75 L (Large),$20.99 ,80,Gin
626,GORDONS GIN 80,1.75 L (Large),$22.99 ,80,Gin
627,TANQUERAY RANGPUR GIN 82.6,1.75 L (Large),$44.99 ,82.6,Gin
628,NEW AMSTERDAM - GIN 80,750 ML (Standard),$16.99 ,80,Gin
629,BEEFEATER GIN 94,750 ML (Standard),$25.99 ,94,Gin
630,ROKU JAPANESE GIN 86,750 ML (Standard),$29.99 ,86,Gin
631,EMPRESS 1908 GIN 85,750 ML (Standard),$35.99 ,85,Gin
632,NEW AMSTERDAM - LON DRY GIN 94.6,1.75 L (Large),$24.99 ,94.6,Gin
633,HENDRICKS ORBIUM GIN 86.8,750 ML (Standard),$49.99 ,86.8,Gin
634,AVIATION GIN 84,750 ML (Standard),$28.99 ,84,Gin
635,SEAGRAMS GIN 80,750 ML (Standard),$14.99 ,80,Gin
636,PLYMOUTH DRY GIN 82.4,750 ML (Standard),$37.99 ,82.4,Gin
637,ST GEORGE TERROIR GIN 90,750 ML (Standard),$31.99 ,90,Gin
638,BOMBAY GIN 86,750 ML (Standard),$22.99 ,86,Gin
639,TANQUERAY RANGPUR GIN 82.6,750 ML (Standard),$29.99 ,82.6,Gin
640,GUNPOWDER IRISH GIN 86,750 ML (Standard),$34.99 ,86,Gin
641,SIPSMITH DRY GIN 83.2,750 ML (Standard),$39.99 ,83.2,Gin
642,ST GEORGE BOTANIVORE GIN 90,750 ML (Standard),$31.99 ,90,Gin
643,TANQUERAY NO. 10 GIN 94.6,750 ML (Standard),$39.99 ,94.6,Gin
644,GRAY WHALE GIN 86,750 ML (Standard),$34.99 ,86,Gin
645,UNCLE VALS BOTANICAL GIN 90,750 ML (Standard),$30.99 ,90,Gin
646,BARR HILL GIN 90,750 ML (Standard),$29.99 ,90,Gin
647,NOLETS SILVER DRY GIN 95.2,750 ML (Standard),$52.99 ,95.2,Gin
648,TANQUERAY ORANGE GIN 82.6,750 ML (Standard),$32.99 ,82.6,Gin
649,GORDONS GIN 80,750 ML (Standard),$17.99 ,80,Gin
650,BOOTHS GIN 90,1.75 L (Large),$22.99 ,90,Gin
651,BOMBAY BRAMBLE GIN 86,750 ML (Standard),$28.99 ,86,Gin
652,INDOGGO GIN 80,750 ML (Standard),$29.99 ,80,Gin
653,GLENDALOUGH GIN 82,750 ML (Standard),$32.99 ,82,Gin
654,JUNIPERO GIN 98.6,750 ML (Standard),$32.99 ,98.6,Gin
655,NEW AMSTERDAM - LON DRY GIN 94.6,750 ML (Standard),$18.99 ,94.6,Gin
656,BUILDERS GIN 92,750 ML (Standard),$36.99 ,92,Gin
657,GIN MARE 85.4,750 ML (Standard),$38.99 ,85.4,Gin
658,MALFY LIMON GIN 84,750 ML (Standard),$33.99 ,84,Gin
659,BARR HILL TOM CAT GIN 86,750 ML (Standard),$44.99 ,86,Gin
660,WHITLEY NEILL RHUB GINGER GIN 86,750 ML (Standard),$32.99 ,86,Gin
661,ETSU JAPANESE GIN 86,750 ML (Standard),$42.99 ,86,Gin
662,MONKEY 47 GIN 94,750 ML (Standard),$69.99 ,94,Gin
663,SHORT PATH WINTER GIN 86,750 ML (Standard),$36.99 ,86,Gin
664,WHITLEY NEILL BLOOD ORNGE GIN 86,750 ML (Standard),$32.99 ,86,Gin
665,SHORT PATH AUTUMN GIN 86,750 ML (Standard),$36.99 ,86,Gin
666,MILLERS GIN 80,750 ML (Standard),$29.99 ,80,Gin
667,HENDRICKS NEPTUNIA GIN 86.8,750 ML (Standard),$49.99 ,86.8,Gin
668,INDUSTRIOUS ORNAMENT GIN 86,750 ML (Standard),$31.99 ,86,Gin
669,COSSACK GIN 80,1.75 L (Large),$14.99 ,80,Gin
670,GRANDTEN WIREWORKS GIN 90,750 ML (Standard),$30.99 ,90,Gin
671,GILBEYS GIN 80,750 ML (Standard),$11.99 ,80,Gin
672,YOU & YOURS SUNDAY GIN 80,750 ML (Standard),$33.99 ,80,Gin
673,WHITLEY NEILL ORIGINAL GIN 86,750 ML (Standard),$32.99 ,86,Gin
674,COLL ARTS DIST RHUBARB GIN 87,750 ML (Standard),$31.99 ,87,Gin
675,GIN LANE CUC WATERMELON GIN 80,750 ML (Standard),$32.99 ,80,Gin
676,GUNPOWDER CITRUS GIN 86,750 ML (Standard),$34.99 ,86,Gin
677,WHITLEY NEILL QUINCE GIN 86,750 ML (Standard),$32.99 ,86,Gin
678,GARNISH ISLAND GIN 92,750 ML (Standard),$23.99 ,92,Gin
679,SHORT PATH GIN 86,750 ML (Standard),$31.99 ,86,Gin
680,HARDSHORE GIN 92,750 ML (Standard),$34.99 ,92,Gin
681,DRY LINE ROSE CAPE GIN 70,750 ML (Standard),$32.99 ,70,Gin
682,BULLY BOY MERCHANTS GIN 90,750 ML (Standard),$28.99 ,90,Gin
683,NIKKA GIN 94,750 ML (Standard),$45.99 ,94,Gin
684,GIN LANE LONDON DRY GIN 80,750 ML (Standard),$26.99 ,80,Gin
685,GIN LANE VICTORIA PINK GIN 80,750 ML (Standard),$32.99 ,80,Gin
686,GIN LANE OLD TOM GIN 80,750 ML (Standard),$32.99 ,80,Gin
687,LONDON NO 1 GIN 94,750 ML (Standard),$39.99 ,94,Gin
688,BULLY BOY ESTATE GIN 94,750 ML (Standard),$32.99 ,94,Gin
689,DRY LINE CAPE GIN 94,750 ML (Standard),$34.99 ,94,Gin
