name,size,price,proof,type
FIREBALL CINNAMON 66,50 ML (Mini),1.25,66,Whiskey
JACK DANIELS NO. 7 86,1.75 L (Large),45.99,86,Whiskey
CROWN ROYAL 80,1.75 L (Large),49.99,80,Whiskey
SEAGRAMS 7 80,1.75 L (Large),22.99,80,Whiskey
JAMESON 80,1.75 L (Large),52.99,80,Whiskey
CROWN ROYAL PEACH 70,750 ML (Standard),31.99,70,Whiskey
JACK DANIELS NO. 7 86,750 ML (Standard),28.99,86,Whiskey
FIREBALL CINNAMON 66,750 ML (Standard),20.99,66,Whiskey
BULLEIT 95 RYE 90,1.75 L (Large),61.99,90,Whiskey
CROWN ROYAL APPLE 70,750 ML (Standard),31.99,70,Whiskey
BLACK VELVET BLENDED 80,1.75 L (Large),14.99,80,Whiskey
FIREBALL CINNAMON 66,1.75 L (Large),29.99,66,Whiskey
BULLEIT 95 RYE 90,750 ML (Standard),35.99,90,Whiskey
FIREBALL CINNAMON 66,375 ML (Half),11.99,66,Whiskey
CANADIAN CLUB 80,1.75 L (Large),20.99,80,Whiskey
CROWN ROYAL VANILLA 70,750 ML (Standard),26.99,70,Whiskey
RITTENHOUSE RYE 100,750 ML (Standard),29.99,100,Whiskey
SOUTHERN COMFORT 70,1.75 L (Large),29.99,70,Whiskey
SKREWBALL PB WHISKEY 70,750 ML (Standard),28.99,70,Whiskey
JACK DANIELS FIRE 70,750 ML (Standard),28.99,70,Whiskey
OLD OVERHOLT RYE 80,750 ML (Standard),18.99,80,Whiskey
JACK DANIELS HONEY 70,1.75 L (Large),46.99,70,Whiskey
SAZERAC STRAIGHT RYE 90,750 ML (Standard),29.99,90,Whiskey
LTD CANADIAN  80,1.75 L (Large),13.99,80,Whiskey
SUNTORY TOKI WHISKY 86,750 ML (Standard),39.99,86,Whiskey
JAMESON BLK BARREL RES 80,750 ML (Standard),44.99,80,Whiskey
REDBREAST IRISH WHISKEY 12 YR 80,750 ML (Standard),69.99,80,Whiskey
TULLAMORE DEW 80,1.75 L (Large),49.99,80,Whiskey
UNCLE NEAREST SM BATCH 93,750 ML (Standard),46.99,93,Whiskey
FIREBALL CINNAMON 66,1 L,25.99,66,Whiskey
CROWN ROYAL SALTED 70,750 ML (Standard),31.99,70,Whiskey
UNCLE NEAREST WHISKEY 100,750 ML (Standard),55.99,100,Whiskey
BUSHMILLS 80,1.75 L (Large),37.99,80,Whiskey
REDEMPTION RYE 92,750 ML (Standard),23.99,92,Whiskey
JAMESON STOUT CASKMATES 80,750 ML (Standard),39.99,80,Whiskey
HIGH WEST DOUBLE RYE 92,750 ML (Standard),38.99,92,Whiskey
GREEN SPOT POT STILL IRISH 80,750 ML (Standard),79.99,80,Whiskey
MICHTERS STRAIGHT RYE 84.8,750 ML (Standard),44.99,84.8,Whiskey
TEMPLETON RYE 4 YR 80,750 ML (Standard),22.99,80,Whiskey
OLD THOMPSON 80,1.75 L (Large),16.99,80,Whiskey
JAMESON COLD BREW 60,750 ML (Standard),31.99,60,Whiskey
FIREBALL CINNAMON 66,200 ML,5.99,66,Whiskey
WOODFORD RES RYE 90.4,750 ML (Standard),42.99,90.4,Whiskey
JACK DANIELS APPLE 70,750 ML (Standard),28.99,70,Whiskey
EVAN WILLIAMS CHERRY 70,750 ML (Standard),14.99,70,Whiskey
GENTLEMAN JACK 80,750 ML (Standard),38.99,80,Whiskey
SEAGRAMS VO 80,1.75 L (Large),23.99,80,Whiskey
TULLAMORE DEW 80,750 ML (Standard),31.99,80,Whiskey
GEORGE DICKEL RYE 90,750 ML (Standard),29.99,90,Whiskey
POWERS IRISH WHISKEY 80,750 ML (Standard),29.99,80,Whiskey
SLOW & LOW RYE 84,750 ML (Standard),24.99,84,Whiskey
PROPER NO. TWELVE 80,750 ML (Standard),32.99,80,Whiskey
WRITERS TEARS 80,750 ML (Standard),48.99,80,Whiskey
BLACK VELVET TOAST CARAMEL 70,750 ML (Standard),10.99,70,Whiskey
WHISTLEPIG 10 YR RYE 100,750 ML (Standard),77.99,100,Whiskey
SOUTHERN COMFORT 100,750 ML (Standard),23.99,100,Whiskey
STRANAHANS BLUE PEAK WHISKEY 86,750 ML (Standard),49.99,86,Whiskey
JACK DANIELS RYE 90,750 ML (Standard),28.99,90,Whiskey
WHISTLEPIG PIGGYBACK RYE 96.56,750 ML (Standard),49.99,96.56,Whiskey
JAMESON IPA CASKMATES 80,750 ML (Standard),34.99,80,Whiskey
WOODFORD RES WHEAT 90.4,750 ML (Standard),42.99,90.4,Whiskey
TIN CUP AMERICAN WHISKEY 80,750 ML (Standard),30.99,80,Whiskey
MICHTERS AMERICAN WHISKEY 83.4,750 ML (Standard),44.99,83.4,Whiskey
REDEMPTION HIGH RYE 92,750 ML (Standard),23.99,92,Whiskey
KNOB CREEK RYE 100,750 ML (Standard),39.99,100,Whiskey
SLANE TRIPLE CASK 80,750 ML (Standard),29.99,80,Whiskey
TEELING SMALL BATCH 92,750 ML (Standard),35.99,92,Whiskey
GLENDALOUGH DOUBLE BARREL 84,750 ML (Standard),29.99,84,Whiskey
JACK DANIELS HONEY 70,750 ML (Standard),28.99,70,Whiskey
MICHTERS SOUR MASH 86,750 ML (Standard),44.99,86,Whiskey
BUSHMILLS 80,750 ML (Standard),25.99,80,Whiskey
CROWN ROYAL 80,750 ML (Standard),29.99,80,Whiskey
TEELING SINGLE MALT 92,750 ML (Standard),52.99,92,Whiskey
BIRD DOG PEACH WSKY 80,750 ML (Standard),17.99,80,Whiskey
BIRD DOG CHOCOLATE WSKY 80,750 ML (Standard),17.99,80,Whiskey
CANADIAN CLUB 80,750 ML (Standard),12.99,80,Whiskey
KNAPPOGUE 12 YR SGL MLT IRISH 80,750 ML (Standard),49.99,80,Whiskey
MIDLETON VERY RARE IRISH 80,750 ML (Standard),219.99,80,Whiskey
BLACKENED WHISKEY 90,750 ML (Standard),49.99,90,Whiskey
SAGAMORE SPIRIT RYE 83,750 ML (Standard),39.99,83,Whiskey
SEAGRAMS 7 80,750 ML (Standard),16.99,80,Whiskey
KILBEGGAN SNGL GRAIN 86,750 ML (Standard),32.99,86,Whiskey
SONS OF ERIN IRISH WSKY 92,750 ML (Standard),35.99,92,Whiskey
HIGH WEST CAMP FIRE 92,750 ML (Standard),79.99,92,Whiskey
BIRD DOG BLACKBERRY WSKY 80,750 ML (Standard),17.99,80,Whiskey
THE SEXTON SINGLE MALT 80,750 ML (Standard),35.99,80,Whiskey
RUSSELLS RES 6 YR RYE 90,750 ML (Standard),42.99,90,Whiskey
HIGH WEST RENDEZVOUS RYE 92,750 ML (Standard),79.99,92,Whiskey
REDWOOD LOST MONARCH 90,750 ML (Standard),35.99,90,Whiskey
SOUTHERN COMFORT 70,200 ML,6.99,70,Whiskey
KILBEGGAN IRISH WHSKY 80,750 ML (Standard),29.99,80,Whiskey
CANADIAN CLUB RYE 80,750 ML (Standard),21.99,80,Whiskey
TEELING SINGLE GRAIN 92,750 ML (Standard),44.99,92,Whiskey
GEORGE DICKEL BIB 100,750 ML (Standard),42.99,100,Whiskey
TULLAMORE DEW CIDER CASK 80,750 ML (Standard),29.99,80,Whiskey
OLD THOMPSON 80,1 L,11.49,80,Whiskey
BIRD DOG APPLE WSKY 80,750 ML (Standard),17.99,80,Whiskey
JAMESON 80,750 ML (Standard),37.99,80,Whiskey
KAIYO WHISKY 86,750 ML (Standard),71.99,86,Whiskey
THE IRISHMAN SMALL BATCH 80,750 ML (Standard),36.99,80,Whiskey
GLENDALOUGH POT STILL 86,750 ML (Standard),52.99,86,Whiskey
WEST CORK IRISH BRBN CSK 80,750 ML (Standard),23.99,80,Whiskey
HUDSON RYE THING 92,750 ML (Standard),37.99,92,Whiskey
REDWOOD EMERALD GIANT 90,750 ML (Standard),35.99,90,Whiskey
TAP 8 MAPLE RYE 83,750 ML (Standard),23.99,83,Whiskey
NIKKA FROM THE BRL 102.8,750 ML (Standard),99.99,102.8,Whiskey
AKASHI UME PLUM WHISKEY 61,750 ML (Standard),39.99,61,Whiskey
MISUNDERSTOOD GINGER WSKY 80,750 ML (Standard),29.99,80,Whiskey
IWAI TRADITION SHINSHU MARS 80,750 ML (Standard),66.99,80,Whiskey
NIKKA YOICHI SINGLE MALT 90,750 ML (Standard),149.99,90,Whiskey
CABIN FEVER MAPLE WSKY 80,750 ML (Standard),27.99,80,Whiskey
DEWARS US OPEN 19 YR 86,750 ML (Standard),79.99,86,Whiskey
KEEPERS HEART WHISKEY 86,700 ML,34.99,86,Whiskey
JACK DANIELS BONDED 100,750 ML (Standard),44.99,100,Whiskey
YELLOW BIRD WHISKEY 90,750 ML (Standard),31.99,90,Whiskey
CHICKEN COCK RYE 90,750 ML (Standard),62.99,90,Whiskey
GRANDTEN S BOSTON WSKY 80,750 ML (Standard),29.99,80,Whiskey
AKASHI WHITE OAK 80,750 ML (Standard),51.99,80,Whiskey
WEST CORK IRISH BLACK CSK 86,750 ML (Standard),34.99,86,Whiskey
BIRD DOG BLENDED WSKY 80,750 ML (Standard),17.99,80,Whiskey
NOMAD WHISKY 82.6,750 ML (Standard),46.99,82.6,Whiskey
MAD RIVER RYE 96,750 ML (Standard),42.99,96,Whiskey
LONE ELM SMALL BATCH 90,750 ML (Standard),52.99,90,Whiskey
NIKKA MIYAGIKYO SINGLE MALT 90,750 ML (Standard),119.99,90,Whiskey
JACK DANIELS LEGACY #1 86,1 L,42.99,86,Whiskey
BEARFACE 7 YR WSKY 85,750 ML (Standard),29.99,85,Whiskey
VIRGINIA PORT CASK WHISKY 92,750 ML (Standard),54.99,92,Whiskey
DADS HAT PENNSYLVANIA RYE 95,750 ML (Standard),39.99,95,Whiskey
IWAI SHINSHU MARS 80,750 ML (Standard),37.99,80,Whiskey
NIKKA COFFEY MALT WHISKY 90,750 ML (Standard),92.99,90,Whiskey
SILKIE IRISH WHSKY 92,750 ML (Standard),37.99,92,Whiskey
BLACK VELVET APPLE 70,1.75 L (Large),19.99,70,Whiskey
NELSONS GREEN BRIER 91,750 ML (Standard),25.99,91,Whiskey
TULLIBARDINE 12 YR 80,750 ML (Standard),39.99,80,Whiskey
BLACK VELVET APPLE 70,750 ML (Standard),10.99,70,Whiskey
HINCH IRISH WHISKEY 86,750 ML (Standard),30.99,86,Whiskey
FUK JAPANESE WHISKY 80,750 ML (Standard),55.99,80,Whiskey
GLENDALOUGH CSK BURGUNDY 84,750 ML (Standard),36.99,84,Whiskey
GLENDALOUGH CSK CALVADOS 84,750 ML (Standard),36.99,84,Whiskey
CARDINAL RYE 90,750 ML (Standard),25.99,90,Whiskey
ST GEORGE BALLER 94,750 ML (Standard),54.99,94,Whiskey
NIKKA TAKETSURU PURE MALT WHISKY 86,750 ML (Standard),149.99,86,Whiskey
NIKKA COFFEY GRAIN WHISKY 90,750 ML (Standard),99.99,90,Whiskey
VIRGINIA COURAGE AM WHISKY 92,750 ML (Standard),64.99,92,Whiskey
OLD THOMPSON 80,750 ML (Standard),10.99,80,Whiskey
DEADWOOD RYE 83,750 ML (Standard),20.99,83,Whiskey
BULLY BOY AGED WHISKEY 84,750 ML (Standard),39.99,84,Whiskey
KAIYO THE SINGLE 96,750 ML (Standard),59.99,96,Whiskey
FUKANO SINGLE CSK 14 YR 85.8,750 ML (Standard),144.99,85.8,Whiskey
SHORT PATH WHISKEY 80,750 ML (Standard),41.99,80,Whiskey
YAME 10 YR WHISKY 84,750 ML (Standard),69.99,84,Whiskey
PENDERYN PORTWOOD 92,750 ML (Standard),89.99,92,Whiskey
HA'PENNY IRISH WSKY 86,750 ML (Standard),34.99,86,Whiskey
TITOS VODKA 80,1.75 L (Large),29.99,80,Vodka
SMIRNOFF VODKA 80,1.75 L (Large),19.99,80,Vodka
SVEDKA VODKA 80,1.75 L (Large),15.99,80,Vodka
KETEL ONE VODKA 80,1.75 L (Large),29.99,80,Vodka
SKYY VODKA 80,1.75 L (Large),21.99,80,Vodka
TITOS VODKA 80,750 ML (Standard),20.99,80,Vodka
NEW AMSTERDAM VODKA 80,1.75 L (Large),19.99,80,Vodka
LUKSUSOWA VODKA 80,1.75 L (Large),23.99,80,Vodka
STOLICHNAYA VODKA 80,1.75 L (Large),29.99,80,Vodka
NEW AMSTERDAM PINK WHITNEY VDK 60,750 ML (Standard),15.49,60,Vodka
TITOS VODKA 80,1 L,26.99,80,Vodka
DEEP EDDY RUBY RED VDK 70,1.75 L (Large),22.99,70,Vodka
ABSOLUT VODKA 80,1.75 L (Large),28.99,80,Vodka
GREY GOOSE VODKA 80,750 ML (Standard),27.99,80,Vodka
KETEL ONE VODKA 80,750 ML (Standard),21.99,80,Vodka
GREY GOOSE VODKA 80,1 L,36.99,80,Vodka
GREY GOOSE VODKA 80,1.75 L (Large),46.99,80,Vodka
KETEL ONE PEACH ORNG VDK 60,750 ML (Standard),19.99,60,Vodka
NEW AMSTERDAM VODKA 80,750 ML (Standard),15.49,80,Vodka
SMIRNOFF FLV BLUEBERRY 70,1.75 L (Large),22.99,70,Vodka
DEEP EDDY SWEET TEA VDK 70,1.75 L (Large),22.99,70,Vodka
ABSOLUT CITRON VDK 80,1.75 L (Large),29.99,80,Vodka
REYKA VODKA 80,1.75 L (Large),35.99,80,Vodka
KETEL ONE CUC MINT VDK 60,750 ML (Standard),19.99,60,Vodka
SMIRNOFF VODKA 100,1.75 L (Large),41.99,100,Vodka
CIROC PINEAPPLE VDK 70,750 ML (Standard),35.99,70,Vodka
BELVEDERE VODKA 80,1.75 L (Large),48.99,80,Vodka
SMIRNOFF FLV RASPBERRY 70,1.75 L (Large),22.99,70,Vodka
DEEP EDDY VODKA 80,1.75 L (Large),22.99,80,Vodka
SMIRNOFF FLV KISSED CARAMEL 60,750 ML (Standard),14.99,60,Vodka
KETEL ONE GRAPE ROSE VDK 60,750 ML (Standard),19.99,60,Vodka
REYKA VODKA 80,750 ML (Standard),20.99,80,Vodka
SKYY VODKA 80,750 ML (Standard),13.49,80,Vodka
DEEP EDDY LEMON VDK 70,1.75 L (Large),22.99,70,Vodka
SMIRNOFF FLV STRAWBERRY 70,1.75 L (Large),22.99,70,Vodka
SMIRNOFF FLV VANILLA 70,1.75 L (Large),22.99,70,Vodka
SOBIESKI VODKA 80 - POLAND,1.75 L (Large),19.99,POLAND,Vodka
SVEDKA VODKA 80,750 ML (Standard),9.99,80,Vodka
RUSSIAN STND VODKA 80,1.75 L (Large),29.99,80,Vodka
SVEDKA VODKA 80,1 L,16.99,80,Vodka
GREY GOOSE WATER BASIL 60,750 ML (Standard),27.99,60,Vodka
CIROC VODKA 80,750 ML (Standard),35.99,80,Vodka
GREY GOOSE STRAW LEMON 60,750 ML (Standard),27.99,60,Vodka
SMIRNOFF FLV ORANGE 70,1.75 L (Large),22.99,70,Vodka
SMIRNOFF FLV WATERMELON 70,750 ML (Standard),14.99,70,Vodka
DEEP EDDY CRANBERRY VDK 70,1.75 L (Large),22.99,70,Vodka
SMIRNOFF FLV CHERRY 70,1.75 L (Large),22.99,70,Vodka
SMIRNOFF FLV PINK LEMONADE 60,750 ML (Standard),14.99,60,Vodka
GREY GOOSE PEACH ROSE 60,750 ML (Standard),27.99,60,Vodka
NEW AMSTERDAM PINEAPPLE VDK 70,1.75 L (Large),23.99,70,Vodka
CIROC PEACH VDK 70,750 ML (Standard),35.99,70,Vodka
ABSOLUT VANILLA VDK 80,750 ML (Standard),21.99,80,Vodka
SMIRNOFF FLV WHIPPED CREAM 60,750 ML (Standard),14.99,60,Vodka
CHOPIN SMALL BATCH VDK 80,1.75 L (Large),37.99,80,Vodka
SMIRNOFF FLV PINK LEMONADE 60,1.75 L (Large),22.99,60,Vodka
CIROC RED BERRY VDK 70,750 ML (Standard),35.99,70,Vodka
SMIRNOFF FLV CITRUS 70,1.75 L (Large),22.99,70,Vodka
SMIRNOFF FLV WATERMELON 70,1.75 L (Large),22.99,70,Vodka
BELVEDERE VODKA 80,1 L,44.99,80,Vodka
ABSOLUT CITRON VDK 80,750 ML (Standard),21.99,80,Vodka
KETEL ONE CITROEN VDK 80,1.75 L (Large),32.99,80,Vodka
SMIRNOFF FLV KISSED CARAMEL 60,1.75 L (Large),22.99,60,Vodka
SMIRNOFF FLV GRN APPLE 70,1.75 L (Large),22.99,70,Vodka
CIROC APPLE VDK 70,750 ML (Standard),35.99,70,Vodka
CIROC VODKA 80,1.75 L (Large),51.99,80,Vodka
SMIRNOFF FLV BLUEBERRY 70,750 ML (Standard),14.99,70,Vodka
SMIRNOFF FLV STRAWBERRY 70,750 ML (Standard),14.99,70,Vodka
CIROC MANGO VDK 70,750 ML (Standard),35.99,70,Vodka
NEW AMSTERDAM RED BERRY VDK 70,1.75 L (Large),23.99,70,Vodka
KETEL RTD SPRITZ CUC MINT 4 PK,4pk,14.49,PK,Vodka
NEW AMSTERDAM WATERMELON VDK 70,1.75 L (Large),23.99,70,Vodka
KETEL RTD SPRITZ GRAPE ROSE 4 PK,4pk,14.49,PK,Vodka
KETEL RTD SPRITZ PEACH ORNG 4 PK,4pk,14.49,PK,Vodka
SMIRNOFF FLV CHERRY 70,750 ML (Standard),14.99,70,Vodka
BURNETTS CHERRY VDK 70,1.75 L (Large),14.99,70,Vodka
SVEDKA BLUE RASPBERRY 70,1.75 L (Large),15.99,70,Vodka
DEEP EDDY CRANBERRY VDK 70,750 ML (Standard),17.99,70,Vodka
DEEP EDDY LEMON VDK 70,750 ML (Standard),17.99,70,Vodka
CHOPIN SMALL BATCH VDK 80,750 ML (Standard),24.99,80,Vodka
NEW AMSTERDAM PINEAPPLE VDK 70,750 ML (Standard),15.49,70,Vodka
SVEDKA STRAW LEMON 70,1.75 L (Large),15.99,70,Vodka
SMIRNOFF FLV PEACH 70,750 ML (Standard),14.99,70,Vodka
DEEP EDDY ORANGE VDK 70,1.75 L (Large),22.99,70,Vodka
ABSOLUT PEARS VDK 80,750 ML (Standard),21.99,80,Vodka
SVEDKA STRAW LEMON 70,750 ML (Standard),10.99,70,Vodka
ABSOLUT MANDRIN VDK 80,1.75 L (Large),29.99,80,Vodka
ABSOLUT WATERMELON VDK 76,750 ML (Standard),21.99,76,Vodka
SVEDKA CITRON 70,1.75 L (Large),15.99,70,Vodka
ABSOLUT MANDRIN VDK 80,750 ML (Standard),21.99,80,Vodka
NEW AMSTERDAM COCONUT VDK 70,1.75 L (Large),23.99,70,Vodka
STOLI FLV RAZBERI 70,1.75 L (Large),29.99,70,Vodka
CIROC COCONUT VDK 70,1.75 L (Large),51.99,70,Vodka
GREY GOOSE LE CITRON 80,750 ML (Standard),27.99,80,Vodka
KETEL ONE ORANJE VDK 80,750 ML (Standard),21.99,80,Vodka
CIROC COCONUT VDK 70,750 ML (Standard),35.99,70,Vodka
STOLICHNAYA VODKA 80,750 ML (Standard),19.99,80,Vodka
KETEL ONE CITROEN VDK 80,750 ML (Standard),21.99,80,Vodka
SVEDKA MANGO PINEAPPLE 70,1.75 L (Large),15.99,70,Vodka
NEW AMSTERDAM GRAPEFRUIT VDK 70,750 ML (Standard),15.49,70,Vodka
ABSOLUT GRAPEFRUIT VDK 80,750 ML (Standard),21.99,80,Vodka
DEEP EDDY SWEET TEA VDK 70,750 ML (Standard),17.99,70,Vodka
DEEP EDDY RUBY RED VDK 70,750 ML (Standard),17.99,70,Vodka
LUKSUSOWA VODKA 80,750 ML (Standard),12.99,80,Vodka
SVEDKA RASPBERRY 70,1.75 L (Large),15.99,70,Vodka
SVEDKA MANGO PINEAPPLE 70,750 ML (Standard),10.99,70,Vodka
NEW AMSTERDAM GRAPEFRUIT VDK 70,1.75 L (Large),23.99,70,Vodka
NEW AMSTERDAM WATERMELON VDK 70,750 ML (Standard),15.49,70,Vodka
EFFEN VODKA 80,750 ML (Standard),22.99,80,Vodka
SMIRNOFF FLV PINEAPPLE 70,750 ML (Standard),14.99,70,Vodka
ABSOLUT LIME VDK 80,750 ML (Standard),21.99,80,Vodka
SVEDKA BLUE RASPBERRY 70,750 ML (Standard),10.99,70,Vodka
CIROC PEACH VDK 70,1.75 L (Large),51.99,70,Vodka
CIROC APPLE VDK 70,1.75 L (Large),51.99,70,Vodka
NEW AMSTERDAM GLUTEN FREE VDK 80,1.75 L (Large),21.99,80,Vodka
HAKU VODKA 80,750 ML (Standard),29.99,80,Vodka
NEW AMSTERDAM LEMON VDK 70,1.75 L (Large),23.99,70,Vodka
GREY GOOSE LA POIRE 80,750 ML (Standard),27.99,80,Vodka
GREY GOOSE L'ORANGE 80,750 ML (Standard),27.99,80,Vodka
DEEP EDDY VODKA 80,750 ML (Standard),17.99,80,Vodka
NEW AMSTERDAM PEACH VDK 70,750 ML (Standard),15.49,70,Vodka
STOLI FLV BLUEBERI 70,1.75 L (Large),29.99,70,Vodka
EFFEN BLOOD ORANGE VDK 75,750 ML (Standard),22.99,75,Vodka
GORDONS VODKA 80,1.75 L (Large),21.99,80,Vodka
STOLI FLV VANIL 70,750 ML (Standard),19.99,70,Vodka
CIROC RED BERRY VDK 70,1.75 L (Large),51.99,70,Vodka
NEW AMSTERDAM RASPBERRY VDK 70,1.75 L (Large),23.99,70,Vodka
PLUME & PETAL LEMON 40,Other,18.99,40,Vodka
GRAINGERS ORG VODKA 80,1.75 L (Large),22.99,80,Vodka
STOLI FLV LIME 75,750 ML (Standard),19.99,75,Vodka
CIROC PINEAPPLE VDK 70,1.75 L (Large),51.99,70,Vodka
BURNETTS CITRUS VDK 70,1.75 L (Large),14.99,70,Vodka
DEEP EDDY LIME VDK 70,1.75 L (Large),22.99,70,Vodka
RUSSIAN STND VODKA 80,750 ML (Standard),16.99,80,Vodka
NEW AMSTERDAM LEMON VDK 70,750 ML (Standard),15.49,70,Vodka
BELUGA VODKA 80,750 ML (Standard),34.99,80,Vodka
SKYY INF GEORGIA PEACH VDK 70,750 ML (Standard),13.99,70,Vodka
NEW AMSTERDAM COCONUT VDK 70,750 ML (Standard),15.49,70,Vodka
NEW AMSTERDAM MANGO VDK 70,1.75 L (Large),23.99,70,Vodka
SMIRNOFF FLV PEACH 70,1.75 L (Large),22.99,70,Vodka
STOLI FLV VANIL 70,1.75 L (Large),29.99,70,Vodka
PLUME & PETAL PEACH 40,Other,18.99,40,Vodka
NEW AMSTERDAM VODKA 100,1.75 L (Large),24.99,100,Vodka
NEW AMSTERDAM VODKA 100,750 ML (Standard),18.99,100,Vodka
BLANCHARDS VODKA 80,1.75 L (Large),11.99,80,Vodka
STOLI FLV BLUEBERI 70,750 ML (Standard),19.99,70,Vodka
DEEP EDDY PEACH VDK 70,1.75 L (Large),22.99,70,Vodka
SOBIESKI VODKA 80,750 ML (Standard),12.99,80,Vodka
NEW AMSTERDAM MANGO VDK 70,750 ML (Standard),15.49,70,Vodka
SKYY INF BLOOD ORANGE VDK 70,750 ML (Standard),13.99,70,Vodka
NEW AMSTERDAM RED BERRY VDK 70,750 ML (Standard),15.49,70,Vodka
SKYY INF WILD STRAWBRY VDK 70,750 ML (Standard),13.99,70,Vodka
SMIRNOFF FLV PINEAPPLE 70,1.75 L (Large),22.99,70,Vodka
CROP ORGANIC VODKA 70,750 ML (Standard),19.99,70,Vodka
ABSOLUT APEACH VDK 80,750 ML (Standard),21.99,80,Vodka
EFFEN RASPBERRY VDK 75,750 ML (Standard),22.99,75,Vodka
GREY GOOSE L'ORANGE 80,1.75 L (Large),49.99,80,Vodka
SKYY INF CHERRY VDK 70,750 ML (Standard),13.99,70,Vodka
SVEDKA CUCUMBER LIME 70,1.75 L (Large),15.99,70,Vodka
STOLI FLV RAZBERI 70,750 ML (Standard),19.99,70,Vodka
SVEDKA PEACH 70,1.75 L (Large),15.99,70,Vodka
SMIRNOFF FLV RASPBERRY 70,750 ML (Standard),14.99,70,Vodka
RUBINOFF RASPBERRY VDK 60,1.75 L (Large),11.99,60,Vodka
BERKSHIRE DIST ICE GLEN VODKA 80,750 ML (Standard),19.99,80,Vodka
DEEP EDDY PEACH VDK 70,750 ML (Standard),17.99,70,Vodka
ABSOLUT MANGO VDK 80,750 ML (Standard),21.99,80,Vodka
SKYY INF PINEAPPLE VDK 70,750 ML (Standard),13.99,70,Vodka
CROP LEMON VODKA 70,750 ML (Standard),19.99,70,Vodka
HAMMER & SICKLE VODKA 80,750 ML (Standard),21.49,80,Vodka
SVEDKA ROSE 60,1.75 L (Large),15.99,60,Vodka
CIROC MANGO VDK 70,1.75 L (Large),51.99,70,Vodka
BELVEDERE VODKA 80,750 ML (Standard),35.99,80,Vodka
GREY GOOSE LE CITRON 80,1.75 L (Large),49.99,80,Vodka
NEW AMSTERDAM GLUTEN FREE VDK 80,750 ML (Standard),15.99,80,Vodka
SMIRNOFF FLV VANILLA 70,750 ML (Standard),14.99,70,Vodka
STOLI FLV OHRANJ 70,1.75 L (Large),29.99,70,Vodka
NEW AMSTERDAM APPLE VDK 70,750 ML (Standard),15.49,70,Vodka
EFFEN GREEN APPLE VDK 75,750 ML (Standard),22.99,75,Vodka
CROP CUCUMBER VODKA 70,750 ML (Standard),19.99,70,Vodka
BAK'S BISON GRASS VDK 82,750 ML (Standard),27.99,82,Vodka
EXCLUSIV VODKA 80,1.75 L (Large),19.99,80,Vodka
RUBINOFF VODKA 80,1.75 L (Large),11.99,80,Vodka
SMIRNOFF VODKA 80,750 ML (Standard),14.99,80,Vodka
VELO VODKA 80,750 ML (Standard),21.99,80,Vodka
SMIRNOFF FLV PEACH LEMONADE 60,750 ML (Standard),14.99,60,Vodka
TRULY VDK MANGO PINEAPPLE 60,1.75 L (Large),21.99,60,Vodka
TRULY VDK STRAW LEMONADE 60,1.75 L (Large),21.99,60,Vodka
TRULY VDK WILD BERRY 60,1.75 L (Large),21.99,60,Vodka
GRANDTEN WELLHOUSE VDK 80,1.75 L (Large),24.99,80,Vodka
INDUSTRIOUS OSTREIDA VDK 80,750 ML (Standard),35.99,80,Vodka
NIKKA COFFEY VODKA 80,750 ML (Standard),44.99,80,Vodka
OYSTERVILLE VODKA 80,750 ML (Standard),26.99,80,Vodka
NEW AMSTERDAM RASPBERRY VDK 70,750 ML (Standard),15.49,70,Vodka
SMIRNOFF FLV GRN APPLE 70,750 ML (Standard),14.99,70,Vodka
SEA ICE VODKA 80,1 L,8.99,80,Vodka
GRAINGERS ORG VODKA 80,750 ML (Standard),13.99,80,Vodka
NEW AMSTERDAM APPLE VDK 70,1.75 L (Large),23.99,70,Vodka
BURNETTS RASPBERRY VDK 70,1.75 L (Large),14.99,70,Vodka
TRIPLE EIGHT BLUEBERRY VDK 68,750 ML (Standard),24.99,68,Vodka
RUBINOFF RUBY RED VDK 60,1.75 L (Large),11.99,60,Vodka
SMIRNOFF FLV CITRUS 70,750 ML (Standard),14.99,70,Vodka
LEGEND OF KREMLIN 80,750 ML (Standard),44.99,80,Vodka
DEEP EDDY LIME VDK 70,750 ML (Standard),17.99,70,Vodka
KHOR VODKA 80,1.75 L (Large),23.99,80,Vodka
COSSACK VODKA 80,1.75 L (Large),11.99,80,Vodka
TRIPLE EIGHT VODKA 80,750 ML (Standard),24.99,80,Vodka
RUBINOFF PINEAPPLE VDK 60,1.75 L (Large),11.99,60,Vodka
RUBINOFF MANGO VDK 60,1.75 L (Large),11.99,60,Vodka
RUBINOFF PINK LEMONADE VDK 60,1.75 L (Large),11.99,60,Vodka
RUBINOFF BLUEBERRY VDK 60,1.75 L (Large),11.99,60,Vodka
RUBINOFF WATERMELON VDK 60,1.75 L (Large),11.99,60,Vodka
THREE OLIVES PEACH VDK 70,1 L,11.99,70,Vodka
THREE OLIVES GRAPEFRUIT VDK 70,1 L,11.99,70,Vodka
RUBINOFF CITRUS VDK 60,1.75 L (Large),11.99,60,Vodka
RUBINOFF PEACH VDK 60,1.75 L (Large),11.99,60,Vodka
RUBINOFF LEMONADE VDK 60,1.75 L (Large),11.99,60,Vodka
RUBINOFF BLUE RASPBERRY VDK 60,1.75 L (Large),11.99,60,Vodka
RUBINOFF GREEN APPLE VDK 60,1.75 L (Large),11.99,60,Vodka
BULLY BOY VODKA 80,750 ML (Standard),28.99,80,Vodka
CRYSTAL HEAD VODKA 80,750 ML (Standard),49.99,80,Vodka
BLACK INF FIG VDK 60,750 ML (Standard),31.99,60,Vodka
STATESIDE VODKA 80,750 ML (Standard),27.99,80,Vodka
TRIPLE EIGHT ORANGE VDK 76,750 ML (Standard),24.99,76,Vodka
NUE VODKA 80,750 ML (Standard),13.49,80,Vodka
THREE OLIVES WATERMELON VDK 70,1 L,11.99,70,Vodka
SKYY INF RASP VDK 70,750 ML (Standard),13.99,70,Vodka
SMIRNOFF VODKA 100,750 ML (Standard),24.99,100,Vodka
GORDONS VODKA 80,750 ML (Standard),14.49,80,Vodka
PATRON SILVER TEQ 80,750 ML (Standard),57.99,80,Tequila
CUERVO GOLD 80,1.75 L (Large),33.99,80,Tequila
CASAMIGOS BLANCO 80,750 ML (Standard),49.99,80,Tequila
SAUZA HORNITOS PLATA 80,1.75 L (Large),39.99,80,Tequila
DON JULIO BLANCO 80,750 ML (Standard),57.99,80,Tequila
CUERVO SILVER 80,1.75 L (Large),33.99,80,Tequila
SAUZA HORNITOS REPOSADO 80,1.75 L (Large),39.99,80,Tequila
MILAGRO SILVER 80,750 ML (Standard),32.99,80,Tequila
1800 SILVER 80,750 ML (Standard),26.99,80,Tequila
LUNAZUL BLANCO TEQ 80,750 ML (Standard),22.99,80,Tequila
ESPOLON REPOSADO 80,750 ML (Standard),29.99,80,Tequila
1800 SILVER 80,1.75 L (Large),39.99,80,Tequila
CAMARENA SILVER TEQ 80,750 ML (Standard),21.99,80,Tequila
CAMARENA REPOSADO TEQ 80,1.75 L (Large),39.99,80,Tequila
SAUZA HORNITOS PLATA 80,750 ML (Standard),29.99,80,Tequila
HERRADURA SILVER 80,750 ML (Standard),42.99,80,Tequila
EXOTICO BLANCO 80,1.75 L (Large),32.99,80,Tequila
CASAMIGOS REPOSADO 80,750 ML (Standard),52.99,80,Tequila
EL JIMADOR BLANCO 80,1.75 L (Large),33.99,80,Tequila
CUERVO SILVER 80,50 ML (Mini),2.0,80,Tequila
DEL MAGUEY VIDA 84,750 ML (Standard),35.99,84,Tequila
CASAMIGOS ANEJO 80,750 ML (Standard),57.99,80,Tequila
ESPOLON BLANCO 80,1.75 L (Large),55.99,80,Tequila
PATRON SILVER TEQ 80,375 ML (Half),31.99,80,Tequila
CAMARENA SILVER TEQ 80,1.75 L (Large),39.99,80,Tequila
DON JULIO 70TH ANNIV 80,750 ML (Standard),79.99,80,Tequila
EXOTICO REPOSADO 80,1.75 L (Large),34.99,80,Tequila
CUERVO GOLD 80,750 ML (Standard),24.99,80,Tequila
DON JULIO REPOSADO 80,750 ML (Standard),59.99,80,Tequila
MILAGRO SILVER 80,1.75 L (Large),46.99,80,Tequila
CAMARENA REPOSADO TEQ 80,750 ML (Standard),21.99,80,Tequila
MONTE ALBAN MEZCAL 80,750 ML (Standard),29.99,80,Tequila
1800 REPOSADO 80,750 ML (Standard),27.99,80,Tequila
ESPOLON REPOSADO 80,1.75 L (Large),57.99,80,Tequila
EL JIMADOR BLANCO 80,750 ML (Standard),24.99,80,Tequila
EL JIMADOR REPOSADO 80,1.75 L (Large),33.99,80,Tequila
MILAGRO REPOSADO 80,750 ML (Standard),32.99,80,Tequila
ESPOLON BLANCO 80,750 ML (Standard),29.99,80,Tequila
MARGARITAVILLE GOLD TEQ 80,50 ML (Mini),1.25,80,Tequila
DEKUYPER TRIPLE SEC 30,750 ML (Standard),7.99,30,Tequila
1800 COCONUT 70,750 ML (Standard),26.99,70,Tequila
MAESTRO DOBEL DIAMANTE TEQ 80,750 ML (Standard),59.99,80,Tequila
LUNAZUL REPOSADO TEQ 80,750 ML (Standard),22.99,80,Tequila
MARGARITAVILLE SILVER TEQ 80,50 ML (Mini),1.25,80,Tequila
PATRON REPOSADO TEQ 80,750 ML (Standard),59.99,80,Tequila
HERRADURA REPOSADO 80,750 ML (Standard),52.99,80,Tequila
1800 SILVER 80,375 ML (Half),22.99,80,Tequila
DULCE VIDA TEQ LIME 70,750 ML (Standard),22.99,70,Tequila
CASAMIGOS BLANCO 80,1.75 L (Large),86.99,80,Tequila
DELEON REPOSADO TEQ 80,750 ML (Standard),52.99,80,Tequila
CUERVO GOLD 80,50 ML (Mini),2.0,80,Tequila
PATRON SILVER TEQ 80,50 ML (Mini),8.5,80,Tequila
DON JULIO BLANCO 80,1.75 L (Large),99.99,80,Tequila
DULCE VIDA TEQ PINEAPPLE 70,750 ML (Standard),22.99,70,Tequila
LUNAZUL BLANCO TEQ 80,375 ML (Half),13.99,80,Tequila
PATRON ANEJO TEQ 80,750 ML (Standard),65.99,80,Tequila
TANTEO JALAPENO 80,750 ML (Standard),39.99,80,Tequila
PATRON SILVER TEQ 80,1.75 L (Large),99.99,80,Tequila
1800 ANEJO 80,750 ML (Standard),42.99,80,Tequila
BOZAL ESPADIN ENSAMBLE MEZCAL 94,750 ML (Standard),47.99,94,Tequila
SAUZA HORNITOS REPOSADO 80,750 ML (Standard),29.99,80,Tequila
MILAGRO ANEJO 80,750 ML (Standard),44.99,80,Tequila
WAHAKA ESPADIN MEZCAL 80,750 ML (Standard),37.99,80,Tequila
CUERVO GOLD 80,200 ML,9.99,80,Tequila
CUERVO TRADICIONAL REPOSADO 80,750 ML (Standard),24.99,80,Tequila
MILAGRO REPOSADO 80,1.75 L (Large),46.99,80,Tequila
MI CAMPO BLANCO TEQULA 80,750 ML (Standard),23.49,80,Tequila
AVION RESERVA 44 80,750 ML (Standard),114.99,80,Tequila
CASAMIGOS MEZCAL 80,750 ML (Standard),59.99,80,Tequila
EL JIMADOR REPOSADO 80,750 ML (Standard),24.99,80,Tequila
DEL MAGUEY CREMA DE MEZCAL 80,750 ML (Standard),35.99,80,Tequila
BRIBON BLANCO TEQUILA 80,750 ML (Standard),19.99,80,Tequila
CINCORO REPOSADO TEQ 80,750 ML (Standard),96.99,80,Tequila
PATRON REPOSADO TEQ 80,375 ML (Half),32.99,80,Tequila
LUNAZUL ANEJO TEQ 80,750 ML (Standard),27.99,80,Tequila
DULCE VIDA TEQ GRAPEFRUIT 70,750 ML (Standard),22.99,70,Tequila
CUERVO SILVER 80,750 ML (Standard),24.99,80,Tequila
CINCORO BLANCO TEQ 80,750 ML (Standard),76.99,80,Tequila
TANTEO HABANERO 80,750 ML (Standard),39.99,80,Tequila
GHOST TEQUILA 80,750 ML (Standard),32.99,80,Tequila
CAMPO BRAVO PLATA TEQ 80,750 ML (Standard),19.99,80,Tequila
PASOTE REPOSADO 80,750 ML (Standard),49.99,80,Tequila
CASAMIGOS REPOSADO 80,50 ML (Mini),6.95,80,Tequila
DELEON BLANCO TEQ 80,750 ML (Standard),46.99,80,Tequila
ROSALUNA JOVEN MEZCAL 80,750 ML (Standard),31.99,80,Tequila
DON FULANO REPOSADO TEQ 80,750 ML (Standard),59.99,80,Tequila
TEQUILA OCHO PLATA 80,750 ML (Standard),42.99,80,Tequila
CASAMIGOS REPOSADO 80,1.75 L (Large),104.99,80,Tequila
VOLCAN BLANCO TEQ 80,750 ML (Standard),46.99,80,Tequila
MONTELOBOS MEZCAL 86.4,750 ML (Standard),45.99,86.4,Tequila
DULCE VIDA TEQ BLANCO 80,750 ML (Standard),28.99,80,Tequila
CUERVO GOLD 80,375 ML (Half),16.99,80,Tequila
CUERVO SILVER 80,375 ML (Half),16.99,80,Tequila
DEAD RABBIT IRISH WHISKEY 88,750 ML (Standard),39.99,88,Tequila
DON FULANO BLANCO TEQ 80,750 ML (Standard),49.99,80,Tequila
GRACIAS DIOS ESPADIN 90,750 ML (Standard),59.99,90,Tequila
SUERTE BLANCO 80,750 ML (Standard),32.99,80,Tequila
OLD MEXICO GOLD TEQUILA 80,1.75 L (Large),26.99,80,Tequila
OLD MEXICO SILVER TEQUILA 80,1.75 L (Large),26.99,80,Tequila
CUERVO SILVER 80,200 ML,9.99,80,Tequila
APALUZ JOVEN MEZCAL 80,750 ML (Standard),25.99,80,Tequila
JAVELINA BLANCO TEQ 80,1 L,22.99,80,Tequila
LOS SUNDAYS REPOSADO TEQ 80,750 ML (Standard),36.99,80,Tequila
BARCELO GRAN ANEJO 80,1.75 L (Large),23.99,80,Tequila
SALINAS UMBUR CACHACA 84,1 L,25.99,84,Tequila
BOAZINHA CACHACA 84,1 L,21.49,84,Tequila
CUERVO TRADICIONAL PLATA 80,750 ML (Standard),24.99,80,Tequila
UNION UNO MEZCAL 80,750 ML (Standard),39.99,80,Tequila
CHAMUCOS BLANCO TEQUILA 80,750 ML (Standard),54.99,80,Tequila
ANZA GOLD 80,1.75 L (Large),19.99,80,Tequila
ANZA BLANCO 80,1.75 L (Large),19.99,80,Tequila
DELEON ANEJO TEQ 80,750 ML (Standard),59.99,80,Tequila
SANTO REPOSADO TEQ 80,750 ML (Standard),64.99,80,Tequila
VOLANS BLANCO TEQUILA 80,750 ML (Standard),56.99,80,Tequila
SANTO BLANCO TEQ 80,750 ML (Standard),57.99,80,Tequila
LOBOS 1707 JOVEN 80,750 ML (Standard),29.99,80,Tequila
CALIROSA ROSA BLANCO 80,750 ML (Standard),52.99,80,Tequila
LOS SUNDAYS COCONUT TEQ 70,750 ML (Standard),27.99,70,Tequila
ASTRAL BLANCO TEQ 80,750 ML (Standard),37.99,80,Tequila
ESPANITA DBL BRL REPOSADO 80,750 ML (Standard),41.99,80,Tequila
LA JICARITA MEZCAL 96,750 ML (Standard),69.99,96,Tequila
GRAN CORAMINO CRISTAL TEQ 80,750 ML (Standard),52.99,80,Tequila
BACARDI RUM WHITE 80,1.75 L (Large),21.99,80,Rum
CAPT MORGAN ORIGINAL RUM 70,1.75 L (Large),24.99,70,Rum
BACARDI RUM WHITE 80,750 ML (Standard),15.49,80,Rum
BACARDI RUM GOLD 80,1.75 L (Large),21.99,80,Rum
MALIBU COCONUT RUM 42,750 ML (Standard),14.99,42,Rum
ADMIRAL NELSON SPICED RUM 70,1.75 L (Large),17.99,70,Rum
MALIBU COCONUT RUM 42,1.75 L (Large),29.99,42,Rum
SAILOR JERRY SPICED RUM 92,1.75 L (Large),25.99,92,Rum
SAILOR JERRY SPICED RUM 92,750 ML (Standard),15.99,92,Rum
BACARDI RUM GOLD 80,750 ML (Standard),15.49,80,Rum
BLACKHEART RUM 93,1.75 L (Large),24.99,93,Rum
FLOR DE CANA ANEJO ORO RUM 4 YR 80,1.75 L (Large),27.99,80,Rum
MALIBU PINEAPPLE RUM 42,750 ML (Standard),14.99,42,Rum
KRAKEN BLACK SPICED RUM 94,1.75 L (Large),25.99,94,Rum
DON Q RUM CRISTAL WHITE 80,1.75 L (Large),21.99,80,Rum
BACARDI RUM WHITE 80,1 L,17.99,80,Rum
CAPT MORGAN CARIB WHITE RUM 70,750 ML (Standard),15.99,70,Rum
CAPT MORGAN RUM 100,750 ML (Standard),34.99,100,Rum
BACARDI FLV DRGN BRY RUM 70,750 ML (Standard),15.49,70,Rum
BACARDI FLV LIMON RUM 70,1.75 L (Large),22.99,70,Rum
CAPT MORGAN CARIB WHITE RUM 70,1.75 L (Large),25.99,70,Rum
MOUNT GAY ECLIPSE RUM 80,750 ML (Standard),23.99,80,Rum
BACARDI OAK HEART SPICED RUM 70,1.75 L (Large),22.99,70,Rum
FLOR DE CANA GR RES 7 YR RUM 80,750 ML (Standard),22.99,80,Rum
MALIBU STRAWBERRY RUM 42,750 ML (Standard),14.99,42,Rum
BACARDI FLV LIMON RUM 70,750 ML (Standard),15.49,70,Rum
BACARDI FLV DRGN BRY RUM 70,1.75 L (Large),22.99,70,Rum
FLOR DE CANA WHITE RUM 4 YR 80,1.75 L (Large),27.99,80,Rum
MALIBU STRAWBERRY RUM 42,1.75 L (Large),29.99,42,Rum
BACARDI FLV LIME RUM 70,1.75 L (Large),22.99,70,Rum
PLANTATION 5 YR RUM 80,750 ML (Standard),26.99,80,Rum
CAPT MORGAN RUM 100,1.75 L (Large),49.99,100,Rum
MOUNT GAY ECLIPSE RUM 80,1.75 L (Large),36.99,80,Rum
BACARDI OAK HEART SPICED RUM 70,750 ML (Standard),15.49,70,Rum
PARROT BAY COCONUT RUM 90,750 ML (Standard),19.99,90,Rum
BACARDI FLV PINEAPPLE RUM 70,750 ML (Standard),15.49,70,Rum
GOSLINGS BLACK SEAL DK 80,1.75 L (Large),33.99,80,Rum
MALIBU MANGO RUM 42,750 ML (Standard),14.99,42,Rum
BACARDI FLV LIME RUM 70,750 ML (Standard),15.49,70,Rum
MALIBU WATERMELON RUM 42,750 ML (Standard),14.99,42,Rum
RON ZACAPA CENTENARIO 23 YR RUM 80,750 ML (Standard),49.99,80,Rum
EL DORADO 12 YR RUM 80,750 ML (Standard),38.99,80,Rum
BUMBU RUM 70,750 ML (Standard),33.99,70,Rum
CAPT MORGAN ORIGINAL RUM 70,750 ML (Standard),16.99,70,Rum
KRAKEN BLACK SPICED RUM 94,750 ML (Standard),21.99,94,Rum
BACARDI FLV RASPBERRY RUM 70,750 ML (Standard),15.49,70,Rum
BLACKHEART RUM 93,750 ML (Standard),14.99,93,Rum
OLD MONK 7 YEAR RUM 80,750 ML (Standard),22.99,80,Rum
FLOR DE CANA WHITE RUM 4 YR 80,750 ML (Standard),16.99,80,Rum
MALIBU WATERMELON RUM 42,1.75 L (Large),29.99,42,Rum
BACARDI FLV PINEAPPLE RUM 70,1.75 L (Large),22.99,70,Rum
MYERS ORIGINAL DARK 80,1.75 L (Large),49.99,80,Rum
CAPT MORGAN CARIB COCO RUM 70,750 ML (Standard),15.99,70,Rum
GOSLINGS BLACK SEAL DK 151,750 ML (Standard),24.99,151,Rum
DON Q RUM GOLD 80,1.75 L (Large),21.99,80,Rum
PAMPERO ANIVERSARIO RUM 8YR 80,750 ML (Standard),31.99,80,Rum
RUM HAVEN COCO RUM  42,750 ML (Standard),19.99,42,Rum
BACARDI FLV RASPBERRY RUM 70,1.75 L (Large),22.99,70,Rum
APPLETON RARE BLEND 12 YR 86,750 ML (Standard),46.99,86,Rum
BACARDI BLACK 80,750 ML (Standard),15.49,80,Rum
J WRAY OVERPROOF 126,750 ML (Standard),24.99,126,Rum
FLOR DE CANA CENTENARIO 12 RUM 80,750 ML (Standard),38.99,80,Rum
FLOR DE CANA RUM 18 YR 80,750 ML (Standard),47.99,80,Rum
BACARDI FLV MANGO RUM 70,750 ML (Standard),15.49,70,Rum
BRUGAL RUM ANEJO 80,750 ML (Standard),21.99,80,Rum
KIRK AND SWEENEY GRAN RES RUM 80,750 ML (Standard),49.99,80,Rum
KIRK AND SWEENEY RES RUM 80,750 ML (Standard),30.99,80,Rum
FLOR DE CANA ANEJO ORO RUM 4 YR 80,750 ML (Standard),16.99,80,Rum
CAPT MORGAN LONG ISLAND 34,750 ML (Standard),13.99,34,Rum
BRUGAL RUM 1888 80,750 ML (Standard),39.99,80,Rum
BUMBU XO RUM 80,750 ML (Standard),37.99,80,Rum
PLANTATION 5 YR RUM 80,1.75 L (Large),39.99,80,Rum
PARROT BAY PAS FRUIT RUM 42,750 ML (Standard),11.99,42,Rum
PARROT BAY MANGO RUM 42,750 ML (Standard),11.99,42,Rum
BARCELO GRAN ANEJO 80,750 ML (Standard),17.99,80,Rum
RON ROBERTO RUM WHITE 80,1.75 L (Large),15.99,80,Rum
RON ROBERTO RUM DARK BLK 80,1.75 L (Large),15.99,80,Rum
BRUGAL RUM EX VIEJO 80,750 ML (Standard),27.99,80,Rum
MYERS PLATINUM WHITE 80,750 ML (Standard),12.99,80,Rum
PARROT BAY STRAW RUM 42,750 ML (Standard),11.99,42,Rum
ADMIRAL NELSON PINEAPPLE RUM 70,750 ML (Standard),9.99,70,Rum
TEN TO ONE DARK RUM 80,Other,42.99,80,Rum
DIPLOMATICO PLANAS RUM 94,750 ML (Standard),29.99,94,Rum
PLANTATION XAYMACA RUM 86,750 ML (Standard),26.99,86,Rum
GOSLINGS BLACK SEAL DK 80,750 ML (Standard),29.99,80,Rum
BRUGAL RUM ESPECIAL EX DRY 80,750 ML (Standard),21.99,80,Rum
RON DIAZ COCONUT RUM 42,750 ML (Standard),10.99,42,Rum
PYRAT RESERVE XO 80,750 ML (Standard),27.99,80,Rum
BULLY BOY BOSTON DK RUM 80,750 ML (Standard),32.99,80,Rum
BARCELO IMPERIAL 80,750 ML (Standard),25.99,80,Rum
PARROT BAY PINEAPPLE RUM 42,750 ML (Standard),11.99,42,Rum
CAPT MORGAN CHERRY VAN RUM 60,750 ML (Standard),13.99,60,Rum
CANEROCK SPICED RUM 80,750 ML (Standard),28.99,80,Rum
DIPLOMATICO RESERVA EX RUM 80,750 ML (Standard),41.99,80,Rum
BARCELO ANEJO 80,750 ML (Standard),13.49,80,Rum
BARCELO BLANCO 80,750 ML (Standard),10.99,80,Rum
BARCELO IMPERIAL ONYX 80,750 ML (Standard),35.99,80,Rum
BULLY BOY CO-OP RUM 80,750 ML (Standard),37.99,80,Rum
BRUGAL RUM XV RESERVA 80,750 ML (Standard),31.99,80,Rum
TEN TO ONE WHITE RUM 90,Other,30.99,90,Rum
BULLY BOY CO-OP RUM #2 80,750 ML (Standard),37.99,80,Rum
MAD RIVER FIRST RUN RUM 90,750 ML (Standard),26.99,90,Rum
MAD RIVER MAPLE RUM 96,750 ML (Standard),34.99,96,Rum
MAD RIVER VANILLA RUM 80,750 ML (Standard),26.99,80,Rum
DON Q VERMOUTH CASK 80,750 ML (Standard),45.99,80,Rum
TWENTY BOAT AMBER RUM 84,750 ML (Standard),59.99,84,Rum
RON ROBERTO COCONUT RUM 70,1.75 L (Large),15.99,70,Rum
RON ROBERTO SPICED RUM 70,1.75 L (Large),15.99,70,Rum
BARBANCOURT WHITE 86,750 ML (Standard),21.49,86,Rum
DIPLOMATICO MANTUANO RUM 80,750 ML (Standard),25.99,80,Rum
BULLY BOY WH RUM 80,750 ML (Standard),32.99,80,Rum
RHUM JM WHITE RUM 100,750 ML (Standard),41.99,100,Rum
BOMBAY SAPHIRE 80,750 ML (Standard),28.99,80,Gin
TANQUERAY GIN 94.6,1.75 L (Large),35.99,94.6,Gin
BOMBAY SAPPHIRE GIN 94.4,1.75 L (Large),38.99,94.4,Gin
NEW AMSTERDAM - GIN 80,1.75 L (Large),23.99,80,Gin
BEEFEATER GIN 94,1.75 L (Large),32.99,94,Gin
HENDRICKS GIN 88,750 ML (Standard),36.99,88,Gin
TANQUERAY GIN 94.6,750 ML (Standard),28.99,94.6,Gin
SEAGRAMS GIN 80,1.75 L (Large),21.99,80,Gin
BOMBAY GIN 86,1.75 L (Large),28.99,86,Gin
HENDRICKS GIN 88,1.75 L (Large),55.99,88,Gin
THE BOTANIST ISLAY DRY GIN 92,750 ML (Standard),41.99,92,Gin
GILBEYS GIN 80,1.75 L (Large),20.99,80,Gin
GORDONS GIN 80,1.75 L (Large),22.99,80,Gin
TANQUERAY RANGPUR GIN 82.6,1.75 L (Large),44.99,82.6,Gin
NEW AMSTERDAM - GIN 80,750 ML (Standard),16.99,80,Gin
BEEFEATER GIN 94,750 ML (Standard),25.99,94,Gin
ROKU JAPANESE GIN 86,750 ML (Standard),29.99,86,Gin
EMPRESS 1908 GIN 85,750 ML (Standard),35.99,85,Gin
NEW AMSTERDAM - LON DRY GIN 94.6,1.75 L (Large),24.99,94.6,Gin
HENDRICKS ORBIUM GIN 86.8,750 ML (Standard),49.99,86.8,Gin
AVIATION GIN 84,750 ML (Standard),28.99,84,Gin
SEAGRAMS GIN 80,750 ML (Standard),14.99,80,Gin
PLYMOUTH DRY GIN 82.4,750 ML (Standard),37.99,82.4,Gin
ST GEORGE TERROIR GIN 90,750 ML (Standard),31.99,90,Gin
BOMBAY GIN 86,750 ML (Standard),22.99,86,Gin
TANQUERAY RANGPUR GIN 82.6,750 ML (Standard),29.99,82.6,Gin
GUNPOWDER IRISH GIN 86,750 ML (Standard),34.99,86,Gin
SIPSMITH DRY GIN 83.2,750 ML (Standard),39.99,83.2,Gin
ST GEORGE BOTANIVORE GIN 90,750 ML (Standard),31.99,90,Gin
TANQUERAY NO. 10 GIN 94.6,750 ML (Standard),39.99,94.6,Gin
GRAY WHALE GIN 86,750 ML (Standard),34.99,86,Gin
UNCLE VALS BOTANICAL GIN 90,750 ML (Standard),30.99,90,Gin
BARR HILL GIN 90,750 ML (Standard),29.99,90,Gin
NOLETS SILVER DRY GIN 95.2,750 ML (Standard),52.99,95.2,Gin
TANQUERAY ORANGE GIN 82.6,750 ML (Standard),32.99,82.6,Gin
GORDONS GIN 80,750 ML (Standard),17.99,80,Gin
BOOTHS GIN 90,1.75 L (Large),22.99,90,Gin
BOMBAY BRAMBLE GIN 86,750 ML (Standard),28.99,86,Gin
INDOGGO GIN 80,750 ML (Standard),29.99,80,Gin
GLENDALOUGH GIN 82,750 ML (Standard),32.99,82,Gin
JUNIPERO GIN 98.6,750 ML (Standard),32.99,98.6,Gin
NEW AMSTERDAM - LON DRY GIN 94.6,750 ML (Standard),18.99,94.6,Gin
BUILDERS GIN 92,750 ML (Standard),36.99,92,Gin
GIN MARE 85.4,750 ML (Standard),38.99,85.4,Gin
MALFY LIMON GIN 84,750 ML (Standard),33.99,84,Gin
BARR HILL TOM CAT GIN 86,750 ML (Standard),44.99,86,Gin
WHITLEY NEILL RHUB GINGER GIN 86,750 ML (Standard),32.99,86,Gin
ETSU JAPANESE GIN 86,750 ML (Standard),42.99,86,Gin
MONKEY 47 GIN 94,750 ML (Standard),69.99,94,Gin
SHORT PATH WINTER GIN 86,750 ML (Standard),36.99,86,Gin
WHITLEY NEILL BLOOD ORNGE GIN 86,750 ML (Standard),32.99,86,Gin
SHORT PATH AUTUMN GIN 86,750 ML (Standard),36.99,86,Gin
MILLERS GIN 80,750 ML (Standard),29.99,80,Gin
HENDRICKS NEPTUNIA GIN 86.8,750 ML (Standard),49.99,86.8,Gin
INDUSTRIOUS ORNAMENT GIN 86,750 ML (Standard),31.99,86,Gin
COSSACK GIN 80,1.75 L (Large),14.99,80,Gin
GRANDTEN WIREWORKS GIN 90,750 ML (Standard),30.99,90,Gin
GILBEYS GIN 80,750 ML (Standard),11.99,80,Gin
YOU & YOURS SUNDAY GIN 80,750 ML (Standard),33.99,80,Gin
WHITLEY NEILL ORIGINAL GIN 86,750 ML (Standard),32.99,86,Gin
COLL ARTS DIST RHUBARB GIN 87,750 ML (Standard),31.99,87,Gin
GIN LANE CUC WATERMELON GIN 80,750 ML (Standard),32.99,80,Gin
GUNPOWDER CITRUS GIN 86,750 ML (Standard),34.99,86,Gin
WHITLEY NEILL QUINCE GIN 86,750 ML (Standard),32.99,86,Gin
GARNISH ISLAND GIN 92,750 ML (Standard),23.99,92,Gin
SHORT PATH GIN 86,750 ML (Standard),31.99,86,Gin
HARDSHORE GIN 92,750 ML (Standard),34.99,92,Gin
DRY LINE ROSE CAPE GIN 70,750 ML (Standard),32.99,70,Gin
BULLY BOY MERCHANTS GIN 90,750 ML (Standard),28.99,90,Gin
NIKKA GIN 94,750 ML (Standard),45.99,94,Gin
GIN LANE LONDON DRY GIN 80,750 ML (Standard),26.99,80,Gin
GIN LANE VICTORIA PINK GIN 80,750 ML (Standard),32.99,80,Gin
GIN LANE OLD TOM GIN 80,750 ML (Standard),32.99,80,Gin
LONDON NO 1 GIN 94,750 ML (Standard),39.99,94,Gin
BULLY BOY ESTATE GIN 94,750 ML (Standard),32.99,94,Gin
DRY LINE CAPE GIN 94,750 ML (Standard),34.99,94,Gin
